address,categories/0,city,countryCode,isAdvertisement,isLocalGuide,name,publishAt,publishedAtDate,stars,text,totalScore,language,sentiment
"J4X2+C9C, Ash ShatiØŒ Ø·Ø±ÙŠÙ‚ Ø§Ù„ÙƒÙˆØ±Ù†ÙŠØ´ØŒ Ø­ÙŠ Ø§Ù„Ø´Ø§Ø·Ø¦ØŒ Saudi Arabia",Mosque,Jeddah,SA,False,True,altamash ik,a month ago,2024-09-01T15:27:09.519Z,5.0,"The mosque's design is a blend of modern and traditional Islamic architecture, with a striking white and blue exterior.",4.1,en,POSITIVE
"J4X2+C9C, Ash ShatiØŒ Ø·Ø±ÙŠÙ‚ Ø§Ù„ÙƒÙˆØ±Ù†ÙŠØ´ØŒ Ø­ÙŠ Ø§Ù„Ø´Ø§Ø·Ø¦ØŒ Saudi Arabia",Mosque,Jeddah,SA,False,True,Nazim Opu,3 months ago,2024-06-28T21:19:45.041Z,5.0,Stunning views of the Red sea.,4.6,en,POSITIVE
"J4X2+C9C, Ash ShatiØŒ Ø·Ø±ÙŠÙ‚ Ø§Ù„ÙƒÙˆØ±Ù†ÙŠØ´ØŒ Ø­ÙŠ Ø§Ù„Ø´Ø§Ø·Ø¦ØŒ Saudi Arabia",Mosque,Jeddah,SA,False,True,S C,5 months ago,2024-04-11T20:52:01.439Z,5.0,"Al Rahman Mosque on Jeddah's Corniche is a must-visit destination for its stunning architecture, beautiful location, and spiritual significance.",4.6,en,POSITIVE
"J4X2+C9C, Ash ShatiØŒ Ø·Ø±ÙŠÙ‚ Ø§Ù„ÙƒÙˆØ±Ù†ÙŠØ´ØŒ Ø­ÙŠ Ø§Ù„Ø´Ø§Ø·Ø¦ØŒ Saudi Arabia",Mosque,Jeddah,SA,False,True,Saleemuddin Ahmed,3 months ago,2024-06-23T18:27:15.629Z,5.0,The beautiful mosque and the surrounding sea view and beach side cafe are excellent ğŸ‘ŒI love to watch the sunset from the walkway along the Beach side restaurant,4.6,en,POSITIVE
"J4X2+C9C, Ash ShatiØŒ Ø·Ø±ÙŠÙ‚ Ø§Ù„ÙƒÙˆØ±Ù†ÙŠØ´ØŒ Ø­ÙŠ Ø§Ù„Ø´Ø§Ø·Ø¦ØŒ Saudi Arabia",Mosque,Jeddah,SA,False,False,Farhat Shaikh,6 months ago,2024-04-01T12:43:11.469Z,5.0,"Absolutely Stunning island like mosque built in Jeddah. We arrived around 4 pm and were lucky to catch the sunset, beautiful surroundings with mini kiosk that sell foods such as pizza, turkish food, wraps and coffe.",4.6,en,POSITIVE
"J4X2+C9C, Ash ShatiØŒ Ø·Ø±ÙŠÙ‚ Ø§Ù„ÙƒÙˆØ±Ù†ÙŠØ´ØŒ Ø­ÙŠ Ø§Ù„Ø´Ø§Ø·Ø¦ØŒ Saudi Arabia",Mosque,Jeddah,SA,False,False,Mahim Kamalee,5 months ago,2024-04-09T18:58:20.488Z,5.0,,4.6,unknown,POSITIVE
"J4X2+C9C, Ash ShatiØŒ Ø·Ø±ÙŠÙ‚ Ø§Ù„ÙƒÙˆØ±Ù†ÙŠØ´ØŒ Ø­ÙŠ Ø§Ù„Ø´Ø§Ø·Ø¦ØŒ Saudi Arabia",Mosque,Jeddah,SA,False,True,Wakas Alvi,4 months ago,2024-05-05T17:08:47.692Z,5.0,Family friendly area with great playgrounds for kids and you can hire scooters to ride as you explore the shore.,4.6,en,POSITIVE
"J4X2+C9C, Ash ShatiØŒ Ø·Ø±ÙŠÙ‚ Ø§Ù„ÙƒÙˆØ±Ù†ÙŠØ´ØŒ Ø­ÙŠ Ø§Ù„Ø´Ø§Ø·Ø¦ØŒ Saudi Arabia",Mosque,Jeddah,SA,False,True,Naz N,8 months ago,2024-01-12T01:38:30.419Z,5.0,,4.6,unknown,POSITIVE
"J4X2+C9C, Ash ShatiØŒ Ø·Ø±ÙŠÙ‚ Ø§Ù„ÙƒÙˆØ±Ù†ÙŠØ´ØŒ Ø­ÙŠ Ø§Ù„Ø´Ø§Ø·Ø¦ØŒ Saudi Arabia",Mosque,Jeddah,SA,False,True,Suhel Shaikh,2 months ago,2024-07-29T12:10:33.661Z,5.0,Also they have a free golf cart service but mind you it does not take you very far.,4.6,en,NEGATIVE
"J4X2+C9C, Ash ShatiØŒ Ø·Ø±ÙŠÙ‚ Ø§Ù„ÙƒÙˆØ±Ù†ÙŠØ´ØŒ Ø­ÙŠ Ø§Ù„Ø´Ø§Ø·Ø¦ØŒ Saudi Arabia",Mosque,Jeddah,SA,False,True,Nour,6 months ago,2024-03-05T18:52:46.889Z,5.0,Amazing floating mosque. Beautiful architecture. Best views at sunset. Must visit.,4.6,en,POSITIVE
"J4X2+C9C, Ash ShatiØŒ Ø·Ø±ÙŠÙ‚ Ø§Ù„ÙƒÙˆØ±Ù†ÙŠØ´ØŒ Ø­ÙŠ Ø§Ù„Ø´Ø§Ø·Ø¦ØŒ Saudi Arabia",Mosque,Jeddah,SA,False,True,Amd Kagera,4 days ago,2024-09-28T15:41:08.890Z,5.0,Very beautiful mosque. Perfect place to visit with family. We went here for iftar and it was a amazing experience. The jeddah promenade next to it has lots of fun activities and beautiful decorations. Would definitely visit again.,4.6,en,POSITIVE
"J4X2+C9C, Ash ShatiØŒ Ø·Ø±ÙŠÙ‚ Ø§Ù„ÙƒÙˆØ±Ù†ÙŠØ´ØŒ Ø­ÙŠ Ø§Ù„Ø´Ø§Ø·Ø¦ØŒ Saudi Arabia",Mosque,Jeddah,SA,False,True,MD Ajaz Ansari,3 months ago,2024-06-03T19:27:42.675Z,5.0,"One of the most beautiful mosques Iâ€™ve ever visited. Itâ€™s a must see when passing through Jeddah, the beautiful serene floating mosque on the coast of the Red Sea, SubhahanAllah in love forever.",4.6,en,POSITIVE
"J4X2+C9C, Ash ShatiØŒ Ø·Ø±ÙŠÙ‚ Ø§Ù„ÙƒÙˆØ±Ù†ÙŠØ´ØŒ Ø­ÙŠ Ø§Ù„Ø´Ø§Ø·Ø¦ØŒ Saudi Arabia",Mosque,Jeddah,SA,False,True,Youme,4 months ago,2024-05-28T02:18:41.632Z,5.0,Very peaceful.. stunning location.. praying here was an amazing experience..,4.6,en,POSITIVE
"J4X2+C9C, Ash ShatiØŒ Ø·Ø±ÙŠÙ‚ Ø§Ù„ÙƒÙˆØ±Ù†ÙŠØ´ØŒ Ø­ÙŠ Ø§Ù„Ø´Ø§Ø·Ø¦ØŒ Saudi Arabia",Mosque,Jeddah,SA,False,False,æœ¨æ‘è¾°ç”·,6 months ago,2024-03-04T19:21:29.802Z,5.0,A beautiful mosque with a beautiful view on the water. Overall very clean and and a nice area to take in the breathtaking view. The mosque was well organized and had its own wudu station. Astonishing white architecture on the outside that is striking and well maintained. Highly recommended to visit.,4.6,en,POSITIVE
"J4X2+C9C, Ash ShatiØŒ Ø·Ø±ÙŠÙ‚ Ø§Ù„ÙƒÙˆØ±Ù†ÙŠØ´ØŒ Ø­ÙŠ Ø§Ù„Ø´Ø§Ø·Ø¦ØŒ Saudi Arabia",Mosque,Jeddah,SA,False,True,Aava Kabir,a year ago,2023-06-28T19:03:24.376Z,5.0,Beautiful mosque with a great view of the red sea and corniche,4.6,en,POSITIVE
"J4X2+C9C, Ash ShatiØŒ Ø·Ø±ÙŠÙ‚ Ø§Ù„ÙƒÙˆØ±Ù†ÙŠØ´ØŒ Ø­ÙŠ Ø§Ù„Ø´Ø§Ø·Ø¦ØŒ Saudi Arabia",Mosque,Jeddah,SA,False,True,Almohannad Alsbeai,a year ago,2023-05-10T11:44:23.070Z,5.0,"What an architecture gem! A beautiful mosque floating over the sea, must visit when in Jeddah. Itâ€™s located near Jeddah yacht club so two in one I guess.",4.6,en,POSITIVE
"J4X2+C9C, Ash ShatiØŒ Ø·Ø±ÙŠÙ‚ Ø§Ù„ÙƒÙˆØ±Ù†ÙŠØ´ØŒ Ø­ÙŠ Ø§Ù„Ø´Ø§Ø·Ø¦ØŒ Saudi Arabia",Mosque,Jeddah,SA,False,True,Monika KarliÅ„ska,a year ago,2023-08-10T08:59:55.057Z,5.0,"Very clean , beautiful sunset place , tranquility in surroundings, light waves",4.6,en,POSITIVE
"J4X2+C9C, Ash ShatiØŒ Ø·Ø±ÙŠÙ‚ Ø§Ù„ÙƒÙˆØ±Ù†ÙŠØ´ØŒ Ø­ÙŠ Ø§Ù„Ø´Ø§Ø·Ø¦ØŒ Saudi Arabia",Mosque,Jeddah,SA,False,False,Imtiaz Azad,a month ago,2024-08-07T14:00:08.970Z,5.0,Muslim can visit Inside free of cost. One of the best views after praying.,4.6,en,POSITIVE
"J4X2+C9C, Ash ShatiØŒ Ø·Ø±ÙŠÙ‚ Ø§Ù„ÙƒÙˆØ±Ù†ÙŠØ´ØŒ Ø­ÙŠ Ø§Ù„Ø´Ø§Ø·Ø¦ØŒ Saudi Arabia",Mosque,Jeddah,SA,False,True,Srj Hasan Khan,a year ago,2023-05-06T08:05:45.084Z,5.0,Favorite mosque ever,4.6,fr,POSITIVE
"J4X2+C9C, Ash ShatiØŒ Ø·Ø±ÙŠÙ‚ Ø§Ù„ÙƒÙˆØ±Ù†ÙŠØ´ØŒ Ø­ÙŠ Ø§Ù„Ø´Ø§Ø·Ø¦ØŒ Saudi Arabia",Mosque,Jeddah,SA,False,True,Dr. Mukhtar Ahmed,3 years ago,2021-02-08T15:54:48.087Z,5.0,Go when it's golden hour!,4.6,en,POSITIVE
"J4X2+C9C, Ash ShatiØŒ Ø·Ø±ÙŠÙ‚ Ø§Ù„ÙƒÙˆØ±Ù†ÙŠØ´ØŒ Ø­ÙŠ Ø§Ù„Ø´Ø§Ø·Ø¦ØŒ Saudi Arabia",Mosque,Jeddah,SA,False,True,Muslim.Travels,a year ago,2023-09-12T06:22:19.963Z,5.0,One of the best amusement park in jeddah. If you're here with kids then must visit this park and you'll love it. You will get thrilled rides here. Must go for roller-coaster and horror park. Ice skating is also love. You'll get all kinda rides for all age groups.,4.1,en,POSITIVE
"J4X2+C9C, Ash ShatiØŒ Ø·Ø±ÙŠÙ‚ Ø§Ù„ÙƒÙˆØ±Ù†ÙŠØ´ØŒ Ø­ÙŠ Ø§Ù„Ø´Ø§Ø·Ø¦ØŒ Saudi Arabia",Mosque,Jeddah,SA,False,True,Waleed Khan,5 months ago,2024-04-19T12:13:41.875Z,5.0,The place was very well maintained. It was clean and scenic. The rides were all in good shape. Many activities for the kids. Resturants and a food court for munching. Ice skating was the best.,4.6,en,POSITIVE
"J4X2+C9C, Ash ShatiØŒ Ø·Ø±ÙŠÙ‚ Ø§Ù„ÙƒÙˆØ±Ù†ÙŠØ´ØŒ Ø­ÙŠ Ø§Ù„Ø´Ø§Ø·Ø¦ØŒ Saudi Arabia",Mosque,Jeddah,SA,False,True,Mohammed,3 months ago,2024-06-25T15:01:36.617Z,5.0,Nice park to visit with kids,4.6,en,POSITIVE
"J4X2+C9C, Ash ShatiØŒ Ø·Ø±ÙŠÙ‚ Ø§Ù„ÙƒÙˆØ±Ù†ÙŠØ´ØŒ Ø­ÙŠ Ø§Ù„Ø´Ø§Ø·Ø¦ØŒ Saudi Arabia",Mosque,Jeddah,SA,False,True,Cee Kaa,10 months ago,2023-11-19T14:38:53.313Z,5.0,Tickets is 35 SAR for entry rest you have to pay separately,4.6,en,NEGATIVE
"J4X2+C9C, Ash ShatiØŒ Ø·Ø±ÙŠÙ‚ Ø§Ù„ÙƒÙˆØ±Ù†ÙŠØ´ØŒ Ø­ÙŠ Ø§Ù„Ø´Ø§Ø·Ø¦ØŒ Saudi Arabia",Mosque,Jeddah,SA,False,True,Usama Maqbool,a week ago,2024-09-24T08:09:28.730Z,5.0,"I love it. It was so neat and it was like really scary but you should go. There is fun. Thatâ€™s true cool it was very good and it was like very good like I cannot stop telling that Shalal you didnâ€™t even go. You did amazing job. I donâ€™t know what how you made that and I love it and I donâ€™t know my friends even learn and when you have your friends and your cousin, you should go and work hard thank you New and",4.6,en,POSITIVE
"J4X2+C9C, Ash ShatiØŒ Ø·Ø±ÙŠÙ‚ Ø§Ù„ÙƒÙˆØ±Ù†ÙŠØ´ØŒ Ø­ÙŠ Ø§Ù„Ø´Ø§Ø·Ø¦ØŒ Saudi Arabia",Mosque,Jeddah,SA,False,True,Mohammed samawi,a year ago,2023-05-20T19:13:29.491Z,5.0,"Hello, definitely recommend to everyone to visitâ€¦",4.6,en,POSITIVE
"J4X2+C9C, Ash ShatiØŒ Ø·Ø±ÙŠÙ‚ Ø§Ù„ÙƒÙˆØ±Ù†ÙŠØ´ØŒ Ø­ÙŠ Ø§Ù„Ø´Ø§Ø·Ø¦ØŒ Saudi Arabia",Mosque,Jeddah,SA,False,True,Omar Hassan,5 months ago,2024-04-09T18:58:53.973Z,5.0,Such a nice place for families and for all of ages. We love it kids love itâ€¦ All staff was very kind and helpful..,4.6,en,POSITIVE
"J4X2+C9C, Ash ShatiØŒ Ø·Ø±ÙŠÙ‚ Ø§Ù„ÙƒÙˆØ±Ù†ÙŠØ´ØŒ Ø­ÙŠ Ø§Ù„Ø´Ø§Ø·Ø¦ØŒ Saudi Arabia",Mosque,Jeddah,SA,False,True,Mo Ahmed,2 months ago,2024-08-01T06:49:11.734Z,5.0,Well organised place clean and if compare to other more affordableâ€¦,4.6,en,POSITIVE
"J4X2+C9C, Ash ShatiØŒ Ø·Ø±ÙŠÙ‚ Ø§Ù„ÙƒÙˆØ±Ù†ÙŠØ´ØŒ Ø­ÙŠ Ø§Ù„Ø´Ø§Ø·Ø¦ØŒ Saudi Arabia",Mosque,Jeddah,SA,False,True,Sofi Reksoyudo,2 years ago,2021-11-02T12:15:45.112Z,5.0,It was a great experience and I had fun time,4.6,en,POSITIVE
"J4X2+C9C, Ash ShatiØŒ Ø·Ø±ÙŠÙ‚ Ø§Ù„ÙƒÙˆØ±Ù†ÙŠØ´ØŒ Ø­ÙŠ Ø§Ù„Ø´Ø§Ø·Ø¦ØŒ Saudi Arabia",Mosque,Jeddah,SA,False,True,Maha Obeid,5 months ago,2024-04-11T19:03:12.188Z,5.0,"Tickets prices were average I recommend buying a wrist band bcz we can go to most of the rides many times, I didn't take a lot of pictures but there are good places inside",4.6,en,POSITIVE
"JWF8+RGC Ø¨Ø¬ÙˆØ§Ø± Ù…Ø³Ø¬Ø¯ Ø§Ù„Ø¹Ø¸Ø§Ù…, AlUla 43541, Saudi Arabia",Historical landmark,AlUla,SA,False,False,æœ¨æ‘è¾°ç”·,9 months ago,2023-12-21T09:42:07.787Z,,"I am Japanese.
Exactly a year ago, I visited one of the places I had always wanted to visit.
The scenery you can see while enjoying coffee can be summed up in one word: ""ã‚´ã‚¤ã‚´ã‚¤ã‚¹ãƒ¼""!",4.3,en,POSITIVE
"JWF8+RGC Ø¨Ø¬ÙˆØ§Ø± Ù…Ø³Ø¬Ø¯ Ø§Ù„Ø¹Ø¸Ø§Ù…, AlUla 43541, Saudi Arabia",Historical landmark,AlUla,SA,False,True,Haitham Eltawiel,8 months ago,2024-01-06T22:27:54.855Z,,"AlUla Old Town
Tantorah winter festival
An amazing and wonderful event with a lot of new and impressive lighting projectors on the old buildings
Also a lot of old and traditional Saudi clothes for all events local members
Also they will host you all the time with Arabic coffee with very kind Saudi local and traditional statements

Really I enjoyed this event and spent one of my amazing days",4.3,en,POSITIVE
"JWF8+RGC Ø¨Ø¬ÙˆØ§Ø± Ù…Ø³Ø¬Ø¯ Ø§Ù„Ø¹Ø¸Ø§Ù…, AlUla 43541, Saudi Arabia",Historical landmark,AlUla,SA,False,True,Mike Van Der Schyff,a week ago,2024-09-24T11:18:29.799Z,,Taking a walking into the homes of the historic old town.,4.3,en,POSITIVE
"JWF8+RGC Ø¨Ø¬ÙˆØ§Ø± Ù…Ø³Ø¬Ø¯ Ø§Ù„Ø¹Ø¸Ø§Ù…, AlUla 43541, Saudi Arabia",Historical landmark,AlUla,SA,False,True,jose martin argonza,2 years ago,2022-03-31T05:17:21.868Z,,"MAGNIFICENT!!! AMAZING!
It is worth the travel... worth the trip! A very relaxing and awestruck sight.
you can have coffee, sweets, burgers and fries and shisha while resting and reflecting on a cold desert park with such an amazing view!
I would reccomend coming back here again.",4.3,en,POSITIVE
"JWF8+RGC Ø¨Ø¬ÙˆØ§Ø± Ù…Ø³Ø¬Ø¯ Ø§Ù„Ø¹Ø¸Ø§Ù…, AlUla 43541, Saudi Arabia",Historical landmark,AlUla,SA,False,True,Nour Elaraby,a year ago,2023-09-03T12:05:35.171Z,,"So beautiful historical place â¤ï¸
Highly recommend",4.3,en,POSITIVE
"Unamed Road, Hegra 43541, Saudi Arabia",Historical landmark,AlUla,SA,False,True,ILIYAS SIDDIKI SHAIK,2 months ago,2024-07-29T08:21:01.642Z,,"This Tomb is the largest of all in Hegra and believed to have been built by the great commander of army Lihyan the son of Kuza to be rested there after his death but unfortunately, his body wasn't rested there. Apart from this history, the view of this tomb is hard to describe in words unless you see it yourself as it's huge single rock carved in to this incredible Tomb. Entry is prohibited inside all tombs except one in Hegra where the tour guide describes about how they used to rest the bodies along with their belongings as well. The view at sunset makes it look even better. Hegra is just like a well kept secret waiting for the visitors to explore and feel the ancient history of Nabateens who may have migrated from Petra and settled here in for various reasons. Nabateen name is derived from Nabat meaning well diggers to extract ground water and they were experts is that technology as it is believed to have 139 wells dug by Nabateens for agriculture and living. Must visit with family and friends to enjoy a once in a lifetime incredibly exciting experience.",4.7,en,POSITIVE
"Unamed Road, Hegra 43541, Saudi Arabia",Historical landmark,AlUla,SA,False,True,Raziuddin Farooqi,7 months ago,2024-02-26T12:31:56.484Z,,"Tomb of Lihyan son of Kuza: An Ancient Marvel

If you're visiting the Mada'in Salih archaeological site in Saudi Arabia, the Tomb of Lihyan son of Kuza is an absolute must-see. Here's why:

Impressive Architecture: This tomb is a stunning example of Nabataean architecture. Carved directly out of a massive sandstone rock, its elaborate facade stands in stark contrast to the surrounding desert landscape.

The 'Lonely Castle': The tomb gets its nickname from its isolated location. This adds a sense of mystery and grandeur that's quite captivating.

Unfinished Beauty:  While incomplete, the rough chisel marks on the lower portion make it even more fascinating. It feels like you're getting a glimpse into an ancient sculptor's workshop.

Nabataean Insight: The tomb's inscription offers a tiny window into the lives and culture of the Nabataean people, a once-mighty civilization that flourished in the region.

Tips:

Best time to visit: Go at sunrise or sunset when the light casts a beautiful glow on the tomb.

Take a guided tour: A guide will provide historical context and explain the intricate details you might miss on your own.
Other sites: Combine your visit with other amazing tombs in Mada'in Salih for a complete experience.

Overall: The Tomb of Lihyan son of Kuza is a unique and striking monument, perfect for both history lovers and those seeking awe-inspiring desert scenery.",4.7,en,POSITIVE
"Unamed Road, Hegra 43541, Saudi Arabia",Historical landmark,AlUla,SA,False,True,Charlene Martin,3 months ago,2024-06-18T07:13:28.591Z,,"This was part of the Hegra tour, the tour guide Rakan, was very good. Really informative, good to visit and learn about early Nabataean tribe.",4.7,en,POSITIVE
"Unamed Road, Hegra 43541, Saudi Arabia",Historical landmark,AlUla,SA,False,True,viowos1,5 months ago,2024-04-07T18:48:01.239Z,,"Impressive, stand-alone tumbe the was never finished by his owner, and Lihyan must be the one that took it over",4.7,en,NEGATIVE
"Unamed Road, Hegra 43541, Saudi Arabia",Historical landmark,AlUla,SA,False,True,Racini Ardevaas,a year ago,2023-03-15T10:11:57.404Z,,"We went there mid day (july 2022), when it was extremely hot. It is preferable to take the tour early in the morning or late in the afternoon. The tour is well worth the money. The tour guide is extremely knowledgeable and attentive to our questions.",4.7,en,POSITIVE
"Unamed Road, Hegra 43541, Saudi Arabia",Historical landmark,AlUla,SA,False,True,Michal SkÃ¡la,4 months ago,2024-05-22T09:29:25.865Z,,"Tomb of Lihyan, son of Kuza, is the most iconic tomb in the region of Madaâ€™in Salih or Hegra in AlUla city in Saudi Arabia. It dates back to Nabatean Kingdom.",4.7,en,POSITIVE
"Unamed Road, Hegra 43541, Saudi Arabia",Historical landmark,AlUla,SA,False,True,The Traveler,2 years ago,2022-01-15T16:55:44.540Z,,"What a beautiful National treasure - WOW!!!
The Tomb of Hegra is just breathtaking BUT unfortunately one must go with a guided tour (which we completely respect and appreciate) however, we were allowed ONLY 5 MINUTES at each site, which broke my heart as we wanted to stay much longer but the tour guide and accompanying Ranger did not allow it. There is no point asking for more time or getting into an argument as those are the rules - please respect them.
Please bear in mind, tourists are not allowed to go anywhere near the heritage sites for the purpose of safety as well as protection of the site. Kindly be respectful of these guidelines and letâ€™s try not ruin this experience as it truly is worthy of experiencing.
The tour guide and ranger are superb and extremely polite and knowledgeable on the site, they speak fabulous English and are keen to share their knowledge on the historical background as well as the current explosion of tourism within and across the region.
Highly recommend it.",4.7,en,POSITIVE
"Unamed Road, Hegra 43541, Saudi Arabia",Historical landmark,AlUla,SA,False,True,Morpheus Mm,a year ago,2023-01-21T10:25:34.855Z,,"Amazing Tomb, the Sun on the Background makes the whole tomb lit majestically. Also did enjoy playing with the sand in front of it. Very picturesque. The staff explaining the tomb is well informed. Try to get ahead of the crowd so that you will get a solo picture 

Follow me on Instagram: morpheusmics2",4.7,en,POSITIVE
"Unamed Road, Hegra 43541, Saudi Arabia",Historical landmark,AlUla,SA,False,True,Mirela Pavel,5 months ago,2024-04-08T13:44:13.625Z,,"Majestic burial greve that ,unfortunately, never finished by his oner",4.7,en,NEGATIVE
"Unamed Road, Hegra 43541, Saudi Arabia",Historical landmark,AlUla,SA,False,True,Seyyid Palta,2 years ago,2022-04-23T07:53:13.047Z,,Tickets might be expensive but still it is definitely worth it. Go there since this is once in a lifetime experience. I also met so many cool people there from different countries.,4.7,en,POSITIVE
"Unamed Road, Hegra 43541, Saudi Arabia",Historical landmark,AlUla,SA,False,True,Iron Zarie,a year ago,2023-01-03T07:52:43.691Z,,Qaá¹£r Al-FarÄ«d which mean â€˜the Lonely Castleâ€™ is largest tomb at the archaeological site. It is so wonderful. You can visit it during the Hegra (Mada'in Salih) tour.,4.7,en,POSITIVE
"Unamed Road, Hegra 43541, Saudi Arabia",Historical landmark,AlUla,SA,False,True,Louis van Jaarsveld,a year ago,2023-03-11T19:27:42.943Z,,AlUla is one of the mist touristic Towns in Saudia. Tour are cheap & well organized. Visit web page Experience AlUla and buy your tickets in advance.,4.7,en,POSITIVE
"Unamed Road, Hegra 43541, Saudi Arabia",Historical landmark,AlUla,SA,False,True,Jota Tacla,2 years ago,2022-04-13T12:21:35.046Z,,"Hegra (Madain Saleh) is located 30 min from Al Ulla center. You can book online and get the shuttle bus from winter park. The tour starts here by the the tomb of Lihyan son of Kuza, where you will get the most information from the guides. You can choose to visit the other sites by bus, open jipe or electrical bicycle, I did the bicycle and was very cool, you can take your time  to do the tour and the bicycles are good, make sure you take a small bag or backpack to care your things and water, as the bicycle does not have any sort of caring basket/bag.",4.7,en,POSITIVE
"Unamed Road, Hegra 43541, Saudi Arabia",Historical landmark,AlUla,SA,False,True,Nishad Kalathil Parambil,a year ago,2023-05-11T18:12:59.444Z,,Fantastic view of an ancient structure carved in stone with different minerals. The area is comparable with the Worldâ€™s 7 wonder Petra. Wonderful and flawless arrangements by Hegra authorities and Saudi Tourism,4.7,en,POSITIVE
"Unamed Road, Hegra 43541, Saudi Arabia",Historical landmark,AlUla,SA,False,True,Omer Elmasri,2 years ago,2021-12-31T08:08:51.843Z,,Huge place. Itâ€™s very surreal to see the size and quality of the walls built thousands of years ago.  Highly recommended for families and anyone with passion for history or exploration. Facilities are everywhere.,4.7,en,POSITIVE
"Unamed Road, Hegra 43541, Saudi Arabia",Historical landmark,AlUla,SA,False,True,Pulot joff,2 years ago,2022-01-27T18:58:12.229Z,,"This place has to much story to tell from formation of the rock up to human cevilization, its very amazing place. It was a short explanation but seeing on your 2 eyes the sculpture was built thousand years ago and its very unbelievable.",4.7,en,POSITIVE
"375, AlUla 43562, Saudi Arabia",Heritage preservation,AlUla,SA,False,True,Humza Ali,4 months ago,2024-05-29T01:31:51.400Z,,"Modern street with food shops restaurant and gift shops closed during the day in the summer.

However you can still enter to explore the old city without a tour guide.

Car park both north and south with free shuttle buses to take you into the old town modern street.

There is a forth in the middle of the old town which you can climb to get some stunning views across the old town",4.6,en,POSITIVE
"375, AlUla 43562, Saudi Arabia",Heritage preservation,AlUla,SA,False,True,Shibu Mathews,3 months ago,2024-06-18T11:44:30.513Z,,AlUla Old Town is a must place to visit. The government has taken all measures to preserve and maintain the place as well as recreate the old township for the generations and public to see and understand the people's living and culture.,4.6,en,POSITIVE
"375, AlUla 43562, Saudi Arabia",Heritage preservation,AlUla,SA,False,True,abdul rasheed,2 months ago,2024-08-01T12:08:24.862Z,,"Breathtaking views
Mountains views are amazing
Great soot for photos
Hospitalityâ€™s is grt
Free bus service from car parking
Electric buses

Recommendation- Visit after 6pm",4.6,en,POSITIVE
"375, AlUla 43562, Saudi Arabia",Heritage preservation,AlUla,SA,False,True,viowos1,5 months ago,2024-04-06T21:44:39.267Z,,"This place is totally different than what you think, you will see in an Old Town environment.  Is an amazing blend of modern design using old traditional things. In a mixture of colours and welcoming seating areas with diverse scenery",4.6,en,POSITIVE
"375, AlUla 43562, Saudi Arabia",Heritage preservation,AlUla,SA,False,True,Oleksandra Mudra,2 months ago,2024-07-03T21:30:13.881Z,,"Absolutely unique and beautiful place: quiet, peaceful and full of history. I love to walk from one shop to another just to see the beauty of traditional art",4.6,en,POSITIVE
"375, AlUla 43562, Saudi Arabia",Heritage preservation,AlUla,SA,False,True,Jun,5 months ago,2024-04-03T14:50:02.600Z,,"There is no parking. Should park at North Park or South, then take the free shuttle bus to and from. There are cafe, restaurant, local stores, exhibitions â€¦ sitting on the roof of the cafe and watch the stars in the evenings makes life relaxing.",4.6,en,POSITIVE
"375, AlUla 43562, Saudi Arabia",Heritage preservation,AlUla,SA,False,True,Shane Stockil,a week ago,2024-09-24T18:08:08.750Z,,An amazing atmosphere created through the main street surrounded by shops and restaurants set up in reconstructed buildings.,4.6,en,POSITIVE
"375, AlUla 43562, Saudi Arabia",Heritage preservation,AlUla,SA,False,True,Mark,5 months ago,2024-04-21T17:48:39.841Z,,A fantastic area and must see if youâ€™re in Alula. Fantastic restraunts and coffee shops to a shisha bar. Prices are expensive for Saudi (similar to London) but itâ€™s a tourist hotspot that I would highly recommend it takes you back in time and is a fantastic experience. And a fantastic atmosphere. If you park in the north car park there is a free bus which takes you up but it is also an enjoyable walk. Also great to try out the new camera features on iPhone :),4.6,en,POSITIVE
"375, AlUla 43562, Saudi Arabia",Heritage preservation,AlUla,SA,False,True,Favas Hussain,3 months ago,2024-06-23T07:34:13.954Z,,"Very aesthetic, beautiful, and historical place to visit. There are many fun activities that can be done there. But all the activities and most of the places to visit are very expensive.",4.6,en,POSITIVE
"375, AlUla 43562, Saudi Arabia",Heritage preservation,AlUla,SA,False,True,Raziuddin Farooqi,7 months ago,2024-02-25T12:39:06.491Z,,"Saudi Foundation Day in AlUla Old Town was magical! The historic setting, the vibrant parades, and the festive atmosphere transported me back in time. A truly special way to celebrate the nation's rich heritage.",4.6,en,POSITIVE
"375, AlUla 43562, Saudi Arabia",Heritage preservation,AlUla,SA,False,True,Hala Mansour,10 months ago,2023-11-19T09:47:47.931Z,,"Amazing area for people who like history. Has restaurants and AMAZING views. They have many stuff such as; clothes, jewelry, and date boutiques. I loved looking at the different types of dates. When you enter, a car will take you to the town.Then, the same car will take you back to the parking lot. I prefer going on daytime because itâ€™s not really crowded, even thought itâ€™s a bit too sunny. So donâ€™t forget your sunglasses!",4.6,en,POSITIVE
"375, AlUla 43562, Saudi Arabia",Heritage preservation,AlUla,SA,False,True,Mr Khan,8 months ago,2024-01-14T16:14:43.198Z,,"This place is very attractive for recreationÛ” Going here, it seems as if one has come to an ancient village. After seeing the view here I am sure you will never want to leave here.
But I would like to say one more thing that I have taken the pictures here at night due to my busy schedule.",4.6,en,POSITIVE
"375, AlUla 43562, Saudi Arabia",Heritage preservation,AlUla,SA,False,True,Jobin George,10 months ago,2023-11-28T18:07:06.074Z,,"One of the spots you need to visit in Alula -- The Old Town... It's really amazing the way they have maintained or built the old structure attracting tourist..

Parking is a issue but the volunteers are there controlling the traffic and guiding you to parking space....  Really a good place to visit with family... Avoid visiting at afternoon as there is shade...",4.6,en,POSITIVE
"375, AlUla 43562, Saudi Arabia",Heritage preservation,AlUla,SA,False,True,Shehroz Khan,a month ago,2024-08-30T21:19:22.668Z,,"Wow, this is a beautiful place for walking and visiting for food or shopping, In short you can do anything in the old town whatever you want, such a great place for outing.",4.6,en,POSITIVE
"375, AlUla 43562, Saudi Arabia",Heritage preservation,AlUla,SA,False,True,AleÅ¡ Kozdera,6 months ago,2024-03-26T06:54:18.165Z,,"I give 3 stars for the potential. We basically saw only the main street with shops and cafes. Shops are tastefully done, no colorfull signs outside etc. However, the old town itself is off limits and you can see it only with some tour. Most of it seemed to be in a desolate state however.",4.6,en,NEGATIVE
"375, AlUla 43562, Saudi Arabia",Heritage preservation,AlUla,SA,False,True,Happy Ox,11 months ago,2023-10-07T18:00:03.713Z,,This UNESCO site is a must see if you are planning to visit Saudi Arabia. Book your tickets and tours early as the sites sell out very fast.  The recreation of the old town in mud bricks mixed with the modern restaurants and art give a relaxed and inviting vide.,4.6,en,POSITIVE
"375, AlUla 43562, Saudi Arabia",Heritage preservation,AlUla,SA,False,True,John Paul Tuquib,a year ago,2023-07-02T14:24:43.134Z,,"A preserve heritage culture and archaeological sites.
A beautiful, clean, tidy, well-organized place.
You can tour around inside the old town (restoration)
There are also souvenir shops, cafes, restaurants and lot more.
Recommendable for everybody.",4.6,en,POSITIVE
"375, AlUla 43562, Saudi Arabia",Heritage preservation,AlUla,SA,False,True,Mirela Pavel,5 months ago,2024-04-05T06:35:45.698Z,,"Very beautiful Old Town, historical place. Lots of  souvenir shops, cafe shops, and restaurants.",4.6,en,POSITIVE
"375, AlUla 43562, Saudi Arabia",Heritage preservation,AlUla,SA,False,True,Wojtek Szkutnik,7 months ago,2024-02-05T10:56:26.948Z,,"Absolutely epic tourist area. Lots of restaurants, cafes and gift shops - all very original, each one in a different style!

Worth visiting around sunrise",4.6,en,POSITIVE
"375, AlUla 43562, Saudi Arabia",Heritage preservation,AlUla,SA,False,True,K Mckenzie (K Sweeney),11 months ago,2023-10-09T08:32:41.087Z,,"â­â­â­â­â­

AlUla Old Town is an absolute gem in the heart of Saudi Arabia. Stepping into this historic site feels like being transported through time, revealing tales of ancient civilizations and their legacies. The meticulously preserved architecture, the narrow alleys, and the ambiance resonate with a rich tapestry of cultures and histories. As a tourist, I was captivated by the harmonious blend of the town's archaeological wonders with the surrounding majestic landscapes. The informative guided tours provide deep insights, making the experience both educational and awe-inspiring. With modern amenities seamlessly integrated, AlUla offers a comfortable and enriching journey for every traveler. A visit to Saudi Arabia would be incomplete without immersing oneself in the enchanting allure of AlUla Old Town. A true testament to the nation's commitment to preserving its heritage while showcasing it to the world. Don't miss it!",4.6,en,POSITIVE
"375, AlUla 43562, Saudi Arabia",Heritage preservation,AlUla,SA,False,True,marwan bukhary,3 months ago,2024-06-22T08:49:41.024Z,,"Nice walk around the old town, we went in April but you should go during the season to enjoy the weather and the crowd",4.6,en,POSITIVE
"375, AlUla 43562, Saudi Arabia",Heritage preservation,AlUla,SA,False,True,Mike Van Der Schyff,a week ago,2024-09-20T10:43:31.006Z,,Beautiful place to visit in Alula. Takes your back a few hundred years into the past. The architecture was very interesting and the culture is so rich.,4.6,en,POSITIVE
"375, AlUla 43562, Saudi Arabia",Heritage preservation,AlUla,SA,False,True,Ebrahim Alezzi,a year ago,2023-05-16T00:58:17.492Z,,"The old town in Al-Ula Governorate is one of the distinctive places I visited and it is characterized by its old and wonderful character. It is one of the favorite places for those who care about archaeological places. There are distinctive cafes, luxurious restaurants, shops selling traditional antiques, traditional clothes and many other shops that exist and the best times are the weekend as well as the winter season",4.6,en,POSITIVE
"375, AlUla 43562, Saudi Arabia",Heritage preservation,AlUla,SA,False,False,Maruf Islam,4 months ago,2024-06-01T10:30:11.521Z,,I'm watching on Google Maps. I will go to a very beautiful place one day inshaAllah.,4.6,en,POSITIVE
"375, AlUla 43562, Saudi Arabia",Heritage preservation,AlUla,SA,False,True,Hashim AbdulLateef,9 months ago,2023-12-17T22:54:38.246Z,,"Al Ula old town is a captivating historical gem, transporting visitors to a bygone era with its well-preserved mud-brick structures and ancient architecture. The site offers a rich glimpse into Saudi Arabia's cultural heritage, with intricate carvings and a labyrinth of narrow alleyways. The dramatic landscape surrounding the town enhances its allure, creating a unique and unforgettable experience. While some areas are undergoing restoration, the overall ambiance and historical significance make Al Ula old town a must-visit destination for those intrigued by the kingdom's past.",4.6,en,POSITIVE
"375, AlUla 43562, Saudi Arabia",Heritage preservation,AlUla,SA,False,True,Pamella Martins,6 months ago,2024-03-27T16:57:21.890Z,,Fantastic!!! Its so beautiful you are transported to a movie set... dont forget to go up the fort,4.6,en,POSITIVE
"375, AlUla 43562, Saudi Arabia",Heritage preservation,AlUla,SA,False,True,Ravindran Chowannur,3 months ago,2024-06-16T19:20:36.045Z,,Wonderful rocky places with an intentional ancient cultural setup.,4.6,en,POSITIVE
"375, AlUla 43562, Saudi Arabia",Heritage preservation,AlUla,SA,False,True,Ahmed Jaber,a year ago,2023-03-11T11:47:34.905Z,,"Back to history. This is what you get when you visit the place. Itâ€™ll be memorable.

Highly recommended to time your visit towards winter, December, January and February will be a prefect window to plan being there.

Shops and activities are mostly ready afternoon, say 4pm onwards.

Enjoy the visit.",4.6,en,POSITIVE
"375, AlUla 43562, Saudi Arabia",Heritage preservation,AlUla,SA,False,True,Normand Schafer,8 months ago,2024-01-26T11:44:00.992Z,,Don't miss the tiny alleyway just before sunset that leads to the small climb to the viewpoint. A quaint tourist spot with lots of old mud homes.,4.6,en,POSITIVE
"375, AlUla 43562, Saudi Arabia",Heritage preservation,AlUla,SA,False,True,Arianna Z,a year ago,2023-07-19T10:39:21.705Z,,"Super cute and relaxing. We went during the summer so it wasn't crowded at all. Some restaurants were closed but in wintertime everything's supposed to be open. If you decide to visit Al'Ula in the summer like we did be prepared for the heat but the good thing about low season is that there's no crowd at all, no ques, no wrestling to get a table at a restaurant, no waiting for anything and the tours are basically just for you. They told us that in winter there are more things to do but it's super crowded and some tours are sold out way before the date of the tour itself. Everyone was super helpful.",4.6,en,POSITIVE
"375, AlUla 43562, Saudi Arabia",Heritage preservation,AlUla,SA,False,True,R H,a year ago,2023-02-14T13:07:02.212Z,,Beautifully preserved. Lots of cafes and restaurants and shops to go around to. An easy stroll through the old town. Saudi Tourism has really done a good job to allow tourists to experience the way of life from years ago. This is also a highlight besides Hegra or Dadan etc.,4.6,en,POSITIVE
"375, AlUla 43562, Saudi Arabia",Heritage preservation,AlUla,SA,False,True,Travel With Presly,a year ago,2022-12-13T10:44:42.903Z,,"This is a historical place with a lot of entertainment and cafÃ©s , love the Arabian hospitality and culture. You can blend in with the past and be in awe of the high hills beside. A must visit place . Best month to visit is Nov to Feb when itâ€™s cold.",4.6,en,POSITIVE
"375, AlUla 43562, Saudi Arabia",Heritage preservation,AlUla,SA,False,True,Shoaib Hafeez,a year ago,2023-06-27T06:48:15.450Z,,A must visit place when you are in Alula. This place has such a good vibe and you really feel like travel in time. So many restaurants and shops. One of my personal favorites place in alula. Free parking available and proper free shuttle service available throughout the day to take you to the town and bring you back to parking.,4.6,en,POSITIVE
"375, AlUla 43562, Saudi Arabia",Heritage preservation,AlUla,SA,False,True,alucardver,3 months ago,2024-06-17T16:39:12.426Z,,Too quite and very fascinating how they managed to live there before.,4.6,en,POSITIVE
"375, AlUla 43562, Saudi Arabia",Heritage preservation,AlUla,SA,False,True,Siak Ni Rio,a year ago,2023-06-10T17:19:12.063Z,,"TheÂ OldÂ TownÂ inÂ AlÂ UlaÂ isÂ aÂ locationÂ thatÂ shouldÂ notÂ beÂ missed. TheyÂ doÂ tradeÂ andÂ otherÂ activitiesÂ here,Â whereÂ itÂ wasÂ onceÂ inhabited. ItÂ transportsÂ youÂ backÂ inÂ timeÂ asÂ thoughÂ you Â hadÂ beenÂ presentÂ forÂ thousandsÂ ofÂ yearsÂ as Â ancientÂ peopleÂ lived. OnceÂ youÂ arriveÂ atÂ theÂ parkingÂ lot,Â aÂ shuttleÂ  willÂ takeÂ youÂ thereÂ atÂ noÂ charge! Furthermore,Â everyoneÂ hereÂ isÂ friendlyÂ and Â accommodating.",4.6,en,POSITIVE
"375, AlUla 43562, Saudi Arabia",Heritage preservation,AlUla,SA,False,True,Thomas Diez,2 years ago,2022-01-18T05:21:35.524Z,,I love this place. It has so much to offer in terms of tourist attractions. The six hour drive from Jeddah was never a waste. Coming to this spot is like immersing yourself in the olden days with all the crafts and displays they have. Well of course except for some modern items you found in some of the shops. I just enjoyed having my coffee and see the good view of the main street.,4.6,en,POSITIVE
"375, AlUla 43562, Saudi Arabia",Heritage preservation,AlUla,SA,False,True,Thá»‹ Thu PhÆ°á»£ng Äá»—,8 months ago,2024-01-16T09:56:18.027Z,,It's a-must-visit site in Al Ula. It will be free if you take a walk around the town by yourself. But you can also book for a tour with 70 riyals. The street is small so the parking is also limited but it's worth taking a long walk for it . Very traditional town of Al Ula,4.6,en,POSITIVE
"375, AlUla 43562, Saudi Arabia",Heritage preservation,AlUla,SA,False,True,Tahani KB,a year ago,2022-10-21T23:32:56.916Z,,"We as a group have visited The Old Town after the Sunset. We couldn't have the chance to see the old buildings but the Souq has a very Attractive ambience.  Lightning, Design and decorations were a Plus . The shops mostly selling hand crafts, sevoneir and local products. It's a place were u can have a coffee and dinner and enjoy the atmosphere. I highly recommend it .",4.6,en,POSITIVE
"375, AlUla 43562, Saudi Arabia",Heritage preservation,AlUla,SA,False,True,Morpheus Mm,a year ago,2023-01-21T15:08:55.152Z,,"Too much beautiful place. From the parking lot to the old town. The background is really mesmerizing. It feels like I am walking in a very big wallpaper. I'm thinking if I am living or working here, it feels like I am on vacation everyday..  plus the cold weather grrr place is amazing.. â¤ï¸â¤ï¸â¤ï¸",4.6,en,POSITIVE
"375, AlUla 43562, Saudi Arabia",Heritage preservation,AlUla,SA,False,True,Ahmed Mahmoud,10 months ago,2023-11-19T21:57:37.522Z,,It's truly a wonderful place that combines the authenticity of the past with the modernity of the present. It's a place that truly deserves a visit. I truly enjoyed my time here.,4.6,en,POSITIVE
"375, AlUla 43562, Saudi Arabia",Heritage preservation,AlUla,SA,False,True,somaya,6 months ago,2024-03-06T22:53:57.500Z,,It's an amazing place with beautiful views and good restaurants.,4.6,en,POSITIVE
"375, AlUla 43562, Saudi Arabia",Heritage preservation,AlUla,SA,False,True,Fretzel Fernandez,2 years ago,2022-07-09T03:19:43.760Z,,"A blast from the past- KSA style!
The people are very warm.and friendly. We stayed walking-distance and it was an amazing experience indeed! Will come back in the winter!",4.6,en,POSITIVE
"375, AlUla 43562, Saudi Arabia",Heritage preservation,AlUla,SA,False,False,Anessa Bantolang,a year ago,2022-12-30T07:57:33.553Z,,The place is really nice for a walk with a lot restaurants and cafes around. People here are really nice. Free entrance and bus in and out of old town. Its an amazing experience.,4.6,en,POSITIVE
"375, AlUla 43562, Saudi Arabia",Heritage preservation,AlUla,SA,False,True,Nasreen,2 years ago,2021-11-27T09:45:08.751Z,,"The Old Town was beautiful. The tickets to walk through to the view point is around 70sar per person, but its worth it. The vendors were helpful and friendly. The cost of food was a little pricey, but when you sit down to enjoy that meal/beverage, its the atmosphere that makes it worth it!",4.6,en,POSITIVE
"375, AlUla 43562, Saudi Arabia",Heritage preservation,AlUla,SA,False,True,Wisam Felemban,a year ago,2023-01-17T16:57:57.232Z,,"You will feel like traveling in time, all theme were decorated as old. You will find international restaurants, stores and coffee shops. Nice place highly recommended to visit. The staff who organized the traffic were helpful also they provided free transportation from parking to the old town",4.6,en,POSITIVE
"375, AlUla 43562, Saudi Arabia",Heritage preservation,AlUla,SA,False,True,EyeOfEve Q,2 years ago,2022-10-03T08:52:15.339Z,,"Lovely place to visit for Bazar and local stuff loved the atmosphere and verity of people also there is restaurant and I think but I didn't try there is a price to tour the ruin of the old city

No need for tickets

You enter from 9:00 am till midnight

Still some constructions

But you can find dunkin dount and some other restaurants and other items sells

There also two sets of public bathrooms",4.6,en,POSITIVE
"375, AlUla 43562, Saudi Arabia",Heritage preservation,AlUla,SA,False,True,Nawaz Mughal,a year ago,2023-02-19T12:10:12.640Z,,"Once a place of nearly 900 homes, 400 shops and 5 town squares, much of the Old Town of AlUlaâ€™s mud brick and stone architecture still survives today. A citadel perched on a prominent outcrop along the eastern edge is still accessible via a restored staircase. Those interested in history will be delighted to discover that this site was occupied within recent memory, offering unique opportunities to gather and share oral histories encapsulating a disappearing way of life.",4.6,en,POSITIVE
"375, AlUla 43562, Saudi Arabia",Heritage preservation,AlUla,SA,False,True,Yasser,a year ago,2023-05-22T17:57:30.130Z,,"My experience visiting the Alula Marya was excellent. The place is beautiful, and it reflects its surroundings perfectly. During my visit, there was an art exhibition in the museum, adding an extra cultural value to the experience. The European restaurant inside the museum was also fantastic. They served delicious food, and the service was excellent. It is definitely a place worth visiting, whether you want to enjoy an art exhibition or have a delightful meal. I highly recommend visiting the Alula Museum and discovering its beauty for yourself.",4.6,en,POSITIVE
"375, AlUla 43562, Saudi Arabia",Heritage preservation,AlUla,SA,False,True,Henry,a year ago,2023-03-18T18:00:27.309Z,,Name is old Town. But it was mix with modern and old together ! For me. it was very unique place. I am sure that everyone could like this place! Wish this place maintain clean and unique longer,4.6,en,POSITIVE
"375, AlUla 43562, Saudi Arabia",Heritage preservation,AlUla,SA,False,True,Racini Ardevaas,a year ago,2023-03-15T10:24:27.033Z,,Incredible location. There are souvenirs to be found everywhere. Restaurants cater different preferences. After 4 o'clock in the afternoon is the best time to visit.,4.6,en,POSITIVE
"375, AlUla 43562, Saudi Arabia",Heritage preservation,AlUla,SA,False,True,Dr Akkad Rafiq,2 years ago,2022-09-26T05:32:25.573Z,,"Loved to visit this place and highly recommended to be visited when plan for visit saudia, more than my expectation place is clean, well planned and well decorated for the eve of national day. Organiser and managment should be appreciated helding diffrent events. The parking is outside the area but there is alot of shuttle service free of cost.
There is lack of peay area as womens offeri g namaz on roads, Mosque  is under construction but should be given temporary place for prayers.
Thumbs up again",4.6,en,POSITIVE
"375, AlUla 43562, Saudi Arabia",Heritage preservation,AlUla,SA,False,False,Kamran Akmal,5 months ago,2024-04-27T22:38:06.528Z,,Wonderful lights and experience with lots of History,4.6,en,POSITIVE
"375, AlUla 43562, Saudi Arabia",Heritage preservation,AlUla,SA,False,True,tasneem alsultan,6 months ago,2024-04-02T11:55:56.826Z,,Currently a calm and quiet empty. Great place to just chill and be surrounded by the local community and visit free art spaces.,4.6,en,POSITIVE
"375, AlUla 43562, Saudi Arabia",Heritage preservation,AlUla,SA,False,True,Aisha shoaib,9 months ago,2023-12-30T04:34:36.358Z,,"Its a nice, ancient and clean environment. The whole city give a esthetic and lovely view.",4.6,en,POSITIVE
"375, AlUla 43562, Saudi Arabia",Heritage preservation,AlUla,SA,False,True,Md Nazmul Ahsan,6 months ago,2024-04-01T10:06:45.128Z,,"walk leisurely in thousand years old mud houses turned into shops and cafes, walk through homes and visit mosque where prophet Muhammad prayed on the way to Tabuk",4.6,en,POSITIVE
"375, AlUla 43562, Saudi Arabia",Heritage preservation,AlUla,SA,False,True,Khaled Nahfawi,2 years ago,2022-03-30T03:53:10.015Z,,Amazing place also known as â€œDeiraâ€ or Old Town and itâ€™s known to have 900 houses 400 shops and 5 town squares. Itâ€™s history goes back to 7 centuries and most of the stone mud-brick houses are still there. Once you visit you can enjoy visiting them in addition to grabbing a quick bite from any place or have a good meal in one of the restaurants or even a good cup of coffee. It is a must visit in Al Ula.,4.6,en,POSITIVE
"375, AlUla 43562, Saudi Arabia",Heritage preservation,AlUla,SA,False,True,Tariq Saad,3 years ago,2021-04-14T08:35:52.188Z,,"This place will be somthing amazing very soon
Diversity of traditional shops ,cafes, furniture and antique items and local restaurants with beautiful urban design ensure the place history and identity
I believe families and groups of friends will enjoy to spend full day here.
I wish i was there in day times to visit the old houses there but they closed at night
Lovely experience and i will visit this place again soon",4.6,en,POSITIVE
"375, AlUla 43562, Saudi Arabia",Heritage preservation,AlUla,SA,False,True,B â€œMentorpreneurâ€,2 years ago,2022-05-06T17:39:13.726Z,,"Old Town is where ancient meets modern beautifully by day and majestically by night. Fusion food, Saudi coffee, decadent desserts, performances and souvenirs are set against natural rock formations and among ancient ruins.",4.6,en,POSITIVE
"375, AlUla 43562, Saudi Arabia",Heritage preservation,AlUla,SA,False,True,Diana Rayyan,3 years ago,2021-04-08T07:49:23.565Z,,"The entrance is fir free and does not require previous reservation.

They ask fir Tawakalna App on the main entrance.

It is a nice place that gathers many service providers starting with food, handmade items and some accessories. You walk and experience the shops on your right and left sides.

You can simply just walk around or stop at some shops and buy whatever suite you.

The area is not provided with WiFi.",4.6,en,POSITIVE
"375, AlUla 43562, Saudi Arabia",Heritage preservation,AlUla,SA,False,True,Jean-Charles Koch,a year ago,2023-02-24T20:15:34.976Z,,"Beautiful place, especially around sunset when the weather cools down and the lights are switched on. Amazing restaurants along the street and plenty of coffee shops to relax and enjoy the atmosphere of that special place.",4.6,en,POSITIVE
"375, AlUla 43562, Saudi Arabia",Heritage preservation,AlUla,SA,False,True,Az K,3 years ago,2021-05-12T20:07:03.352Z,,This is one of the main attraction of Al Ulla. You can see the remains of the old town here. Night and day sights have different feel. There's no entrance fee here.,4.6,en,POSITIVE
"375, AlUla 43562, Saudi Arabia",Heritage preservation,AlUla,SA,False,True,James Richardson,3 years ago,2021-03-20T05:34:13.624Z,,Fascinating place. Great views from the top of the castle. You'll need to take an organised tour booked through the tourism board. The guide was knowledgeable and in fact her mother had lived in the old mud houses in the 1979s.,4.6,en,POSITIVE
"375, AlUla 43562, Saudi Arabia",Heritage preservation,AlUla,SA,False,True,Leon Pinheiro,a year ago,2023-04-28T09:31:19.612Z,,"Walking Old Town in the heat, you get a better appreciation of mud brick insulating properties. You get a deeper appreciation for all the things we take for granted.",4.6,en,POSITIVE
"375, AlUla 43562, Saudi Arabia",Heritage preservation,AlUla,SA,False,True,Nan van Unen,2 years ago,2022-03-05T15:10:37.573Z,,"Disappointing all around, Al Ula is clearly not ready for an influx of tourists. Nobody knows anything, sale of tickets is unclear, you have to be really determined as a tourist to make something out of an Al Ula visit.
The ""old town"" is now off limits, only accessible on guided tours. Only a single street is open to the general public,  coverted to a regular tourist trap with cafe's and shops selling crafts. Best avoided.

Update March 2022
Some work is being done in the new part of the Old Town, a few hip coffeeshops and restaurants have been added but the overall impression remains that AlUla is not ready for a large influx of tourists.
Come for the landscape, its breathtaking. Forget about the rest of the pretentious, overpriced tourist traps. Rent a 4-wheel drive while it is still possible to go around, more and more places are fenced off and now off-limits unless you join overpriced tours.",4.6,en,NEGATIVE
"375, AlUla 43562, Saudi Arabia",Heritage preservation,AlUla,SA,False,True,Amdjed Islam DALI,a year ago,2023-03-09T12:05:35.656Z,,"A beautiful city built of mud-brick, it reminds me  the North African ksour. The place has become in recent years a tourist destination par excellence.",4.6,en,POSITIVE
"375, AlUla 43562, Saudi Arabia",Heritage preservation,AlUla,SA,False,True,Maram Aljohani,2 years ago,2022-03-02T21:46:39.339Z,,"Very beautiful and well organized town, totally worth going there!  They have a very nice historical show, the little shops were beautiful too!!",4.6,en,POSITIVE
"375, AlUla 43562, Saudi Arabia",Heritage preservation,AlUla,SA,False,True,CHRIS SALTING 7619,2 years ago,2021-10-07T17:41:56.852Z,,"Coming to Al Ula is like a â€œtravel thru timeâ€experience. The 12 hours drive from Riyadh was worth it. Seeing the various rock formations and scenery was truly amazing!

And as we enter Al Ula, a facade of rock formation with the sun rays beaming thru the mountains and clouds that almost kisses the tip of the mountains is like what you see on a painting and was just breathtaking ! It is a must to visit the Hegra previously known as Madain Saleh which is a UNESCO Heritage site. We saw the tombstones build by the Nabatean civilization and hang out at the Old town to buy Knick knacks and savor some Persian cuisines.
This is one experience we would truly treasure !",4.6,en,POSITIVE
"375, AlUla 43562, Saudi Arabia",Heritage preservation,AlUla,SA,False,False,Oasis Travel,10 months ago,2023-11-30T12:08:15.982Z,,Nice place to wander. Daytime is quiet. Even busy.,4.6,en,POSITIVE
"375, AlUla 43562, Saudi Arabia",Heritage preservation,AlUla,SA,False,True,Salman Ahmed,a year ago,2023-07-01T18:27:29.440Z,,It was a great cultural place to visit i had a great experience there during the eid day there is a festival.,4.6,en,POSITIVE
"375, AlUla 43562, Saudi Arabia",Heritage preservation,AlUla,SA,False,True,Gorgz 20,a year ago,2022-10-23T05:13:12.209Z,,A well preserve  place by native saudis...I love how unique they made there houses by a  mud and how they maintain the culture.The Fort was breathtakingâ¤You can see the rest.part of Alula...it's  worth to walk 180 steps,4.6,en,POSITIVE
"375, AlUla 43562, Saudi Arabia",Heritage preservation,AlUla,SA,False,True,Aziz Mohammed,2 years ago,2022-06-25T21:58:02.495Z,,I like hanging out with friends at the old city on the night time.  There is a good restaurants and coffee shops. Also good places for shisha.,4.6,en,POSITIVE
"375, AlUla 43562, Saudi Arabia",Heritage preservation,AlUla,SA,False,True,AlAnoud M,2 years ago,2022-08-05T17:56:02.562Z,,"Old styled street with shops, cafes and restaurants. You can the see the mountains along the street. I visited the street twice and I would do it more if I had the chance. I was there in August and it was quite hot.",4.6,en,POSITIVE
"375, AlUla 43562, Saudi Arabia",Heritage preservation,AlUla,SA,False,True,Pam,2 years ago,2022-03-14T20:06:48.831Z,,Beautiful old town where you can enjoy the real life of Saudi people very friendly. You can find many shops and restaurants. Vibrant colours and beautiful atmosphere.,4.6,en,POSITIVE
"375, AlUla 43562, Saudi Arabia",Heritage preservation,AlUla,SA,False,True,Nuria Marchant,3 years ago,2021-04-21T17:08:53.660Z,,"Amazing place with very rich history. If you're into history and the culture, this is the place. It's a small town with amazing natural rock formations.",4.6,en,POSITIVE
"375, AlUla 43562, Saudi Arabia",Heritage preservation,AlUla,SA,False,True,Engr. Shiva,a year ago,2023-02-21T13:32:53.005Z,,"It is a nice experience which is old things and memories here and we can remember olden days

Good site and festival time seema very nice

Good
Staff available here

Thank you Al Ula",4.6,en,POSITIVE
"375, AlUla 43562, Saudi Arabia",Heritage preservation,AlUla,SA,False,True,Maher Najm,2 years ago,2022-03-26T07:34:07.948Z,,"Al Ula Old town wonderful walk between the old houses which mostly made from stone and mud. you can touch the past of this culture. avoid noon time course of the sun you will find a lot of resturants and coffeshops with uniqe outdoor .including souvenirs shops also
dont forget to take superior photos for your trip . enjoy",4.6,en,POSITIVE
"375, AlUla 43562, Saudi Arabia",Heritage preservation,AlUla,SA,False,False,Seva,a year ago,2023-06-20T06:34:51.288Z,,"I loved this city,itâ€™s so unbelievable,unique city with giant rocks. Restaurants are expensive overly but service is high. Nice city for meditation and yoga activity.",4.6,en,POSITIVE
"375, AlUla 43562, Saudi Arabia",Heritage preservation,AlUla,SA,False,True,Aamir Husain Siddiqui,3 years ago,2021-07-01T19:42:00.379Z,,Setup an exhibition of antique accessories which is free entrance & taken charges for Old houses tour with guides where they will provide you historical information,4.6,en,POSITIVE
"375, AlUla 43562, Saudi Arabia",Heritage preservation,AlUla,SA,False,True,ELHACENE BOULKROUNE,2 weeks ago,2024-09-16T12:11:00.274Z,,"Saudi Arabia, AlUla

It is a natural and archaeological treasure of Saudi Arabia. It is located in the province of El Madina.

The impressive sand mountains of AlUla, and the many bizarre figures created by nature to form a unique landscape, have witnessed the development of ancient civilizations.

One of the most iconic sights of the AlUla region is the huge complex of ancient rock graves of Madain Salih.",4.6,en,POSITIVE
"375, AlUla 43562, Saudi Arabia",Heritage preservation,AlUla,SA,False,True,NABEEL,11 months ago,2023-10-17T18:29:38.222Z,,"invite you to come journey through a living museum of preserved tombs, sandstone outcrops, historic dwellings and monuments, both natural and human-made,",4.6,en,POSITIVE
"375, AlUla 43562, Saudi Arabia",Heritage preservation,AlUla,SA,False,True,jennifer corrales,2 years ago,2022-03-08T10:21:57.444Z,,"A must visit, to understand their traditions and way of life before. You can park behind  kudo fast food, from the ring road. Then the bus will take you to the old town, free of charge",4.6,en,POSITIVE
"375, AlUla 43562, Saudi Arabia",Heritage preservation,AlUla,SA,False,False,Wael BA,a year ago,2023-05-12T15:40:52.811Z,,"You will be fascinated by the heritage of the town.
The town is a great place to relax and enjoy the vacation with the tours and activities.",4.6,en,POSITIVE
"375, AlUla 43562, Saudi Arabia",Heritage preservation,AlUla,SA,False,True,Christopher Ogle,a year ago,2022-12-24T17:26:47.857Z,,"A beautiful area to discover. It is being renovated and has such potential. Lots of cafÃ©s, shops and the odd gallery, too!",4.6,en,POSITIVE
"375, AlUla 43562, Saudi Arabia",Heritage preservation,AlUla,SA,False,True,bassem mahmoud,2 years ago,2022-06-28T20:13:28.808Z,,"Very nice place, all heritage. The area is well taken care of and the staff working are very professional and taking care of details.",4.6,en,POSITIVE
"375, AlUla 43562, Saudi Arabia",Heritage preservation,AlUla,SA,False,True,Mohamed Hanfare,3 years ago,2021-04-13T15:04:10.758Z,,"Nice place...official tour for the old town and castle fir around 70 SAR
Old market is the best area for free entrance and good atmosphere - restaurants and cafes are operating",4.6,en,POSITIVE
"375, AlUla 43562, Saudi Arabia",Heritage preservation,AlUla,SA,False,True,Gilles Glatz,a year ago,2023-06-06T06:23:36.630Z,,"Charming relaxed place, good restaurant, nice clean shops, staffed by friendly people.",4.6,en,POSITIVE
"375, AlUla 43562, Saudi Arabia",Heritage preservation,AlUla,SA,False,True,MUHAMMED NIYAS.T.K,2 years ago,2022-08-06T17:15:48.154Z,,"God is great, the realy artist

Such a beautiful creative place with questions and uncertainty about the facts.

Look like an artist created .. but yes the ultimate artist created.

It was a Quick visit in and around Al ola.. but in my view we must spend few days there  and explore.",4.6,en,POSITIVE
"375, AlUla 43562, Saudi Arabia",Heritage preservation,AlUla,SA,False,True,RA,a year ago,2023-01-11T10:11:09.265Z,,honestly i really enjoyed the place it was awesome the activities and the culture but honestly the have to take a look on the prices for the restaurants and some shops alao it's gonna be great to providing several options for restaurants,4.6,en,POSITIVE
"375, AlUla 43562, Saudi Arabia",Heritage preservation,AlUla,SA,False,True,roanne mae,a year ago,2022-12-20T07:08:47.168Z,,This is indeed a great place to unwind and explore God's wonderful creation. Where future meets the past.,4.6,en,POSITIVE
"375, AlUla 43562, Saudi Arabia",Heritage preservation,AlUla,SA,False,True,Arun Patel Rodda,7 months ago,2024-02-27T19:02:49.492Z,,It was pleasant visiting this place in the evening,4.6,en,POSITIVE
"375, AlUla 43562, Saudi Arabia",Heritage preservation,AlUla,SA,False,True,Raja Muzammil Farooq,2 years ago,2022-09-07T19:03:40.777Z,,"Highly recommended 
Please please visit this historic place you learned alot of about old historic civilization
Great Stuctural Mountains â›°ï¸ Greenery Dates Tree  And alot of other Historic places",4.6,en,POSITIVE
"375, AlUla 43562, Saudi Arabia",Heritage preservation,AlUla,SA,False,True,Shagufta Seemi,2 years ago,2022-02-12T19:05:42.366Z,,Nice place to visit... specially if u have love for old buildings and places. No interest for kids. 800 years old.,4.6,en,POSITIVE
"375, AlUla 43562, Saudi Arabia",Heritage preservation,AlUla,SA,False,True,SherKhanYT,2 years ago,2022-01-16T05:21:02.490Z,,The best place in Saudi Arabia is Al Ula with natural beauties old town market is made by Royal commission of Al Ula with all the cultural activity and infrastructure.,4.6,en,POSITIVE
"375, AlUla 43562, Saudi Arabia",Heritage preservation,AlUla,SA,False,True,Paul Claridge,2 years ago,2022-02-06T22:01:51.491Z,,"It's a really special place.
The work that has been done here in such a short space of time is amazing.
I walked through the narrow streets inside old Town for the first time. It's really a good experience.
I'm looking forward to seeing more as the renovations move on!",4.6,en,POSITIVE
"375, AlUla 43562, Saudi Arabia",Heritage preservation,AlUla,SA,False,True,Amazing Glitch,2 years ago,2022-03-07T05:36:04.958Z,,The place turns you back into the old times here in saudi arabia. Before al ula wasnâ€™t as touristy place as it was now so its really good that they preserved the place and made it more attractive to tourist. If you want to experience an old saudi version. Come to this old town of al ula,4.6,en,POSITIVE
"375, AlUla 43562, Saudi Arabia",Heritage preservation,AlUla,SA,False,True,S S,2 years ago,2021-11-13T12:05:04.885Z,,"I have been in Alula now for 5 days and just leaving Wow!

What an amazing place, the history, the beauty, the scenery, and the people have been so, so, warm and friendly!

One nice guy greeted me in the street when i was about to get in a taxi, it turned out he was a cousin of the taxi driver i had talked a few minutes to him about his time in Manchester and then he told his cousin not to charge me its a free fare on him! What a gentleman,! I dis pay but the thought was amazing,

Ive been so happy here its mind blowing all history and beauty, no wonder they are making hollywood films here soon!

Thank you Alula your amazing!

Anyone thinking about coming here you will be coming back again for sure!

Well done Alula keep up the great work and hospitality!!!!",4.6,en,POSITIVE
"375, AlUla 43562, Saudi Arabia",Heritage preservation,AlUla,SA,False,True,AK-pulka al-Kuwait,2 years ago,2021-11-14T18:24:31.228Z,,"This fashion to remake everything in the Emirati way will ruin this place.  This stupid new street with cafes and shops is not what a tourist would expect.  But you can enter from the side of the road and see the reality of the old city, it requires painstaking restoration, but while you can still see this gem.  If you are not afraid of collapse.",4.6,en,POSITIVE
"375, AlUla 43562, Saudi Arabia",Heritage preservation,AlUla,SA,False,True,Freddy Manuel Velasquez Aguilar,2 years ago,2021-11-24T18:54:36.264Z,,"Nice historic place, with souvenir shops and restaurants, the guided trip is short but nice, they are developing the area",4.6,en,POSITIVE
"375, AlUla 43562, Saudi Arabia",Heritage preservation,AlUla,SA,False,False,MARL-vellous Travel PH,2 years ago,2022-04-15T22:22:17.912Z,,"What a wonderful place, if you are amazed with the history and cultures. This is the place to visit. People are very kind and polite.",4.6,en,POSITIVE
"375, AlUla 43562, Saudi Arabia",Heritage preservation,AlUla,SA,False,True,Debora Tabungar,3 years ago,2021-09-07T00:02:40.246Z,,"It gives me goosebumps when we entered the mud houses. I can imagine how was the lifestyle of the people here before. From the tower the view is breathtaking because the huge rock mountains as if protecting the village. A little bit haunted for me but it's worth the visit. Another UNESCO world heritage site like the Hail Rock Arts in Jubbah, Hail. Both represents the ancient people. Good for tourism!",4.6,en,POSITIVE
"375, AlUla 43562, Saudi Arabia",Heritage preservation,AlUla,SA,False,True,Mohamed Rislan,a year ago,2023-02-28T11:23:00.511Z,,"From Hail to Al Ula your road is two way. Max speed 110, 90.",4.6,en,POSITIVE
"375, AlUla 43562, Saudi Arabia",Heritage preservation,AlUla,SA,False,True,abdullah s,a year ago,2023-04-19T08:47:40.744Z,,Iâ€™m really glad that I have the opportunity to visit the old town of ALULA itâ€™s one of the best historical places around the world.,4.6,en,POSITIVE
"375, AlUla 43562, Saudi Arabia",Heritage preservation,AlUla,SA,False,True,Kyr Raf,2 years ago,2022-07-15T08:05:08.905Z,,Let yourself immense into the deep historical silence in one of the best preserved ancient habitations in the world.,4.6,en,POSITIVE
"375, AlUla 43562, Saudi Arabia",Heritage preservation,AlUla,SA,False,True,Osama Hassanin,7 months ago,2024-03-01T22:59:21.241Z,,"the Old Town is a popular tourist destination, offering visitors a glimpse into the region's rich history and culture. Visitors can explore the ruins of the old town, learn about the traditional way of life of the inhabitants, and enjoy stunning views of the surrounding desert landscape.",4.6,en,POSITIVE
"375, AlUla 43562, Saudi Arabia",Heritage preservation,AlUla,SA,False,True,Susmy Benjith,2 years ago,2021-10-17T14:13:02.402Z,,Itâ€™s beautiful historic place. Need to visit in the town in the evening to night.The ambience will give more positive energy from there.,4.6,en,POSITIVE
"375, AlUla 43562, Saudi Arabia",Heritage preservation,AlUla,SA,False,True,Sarwar Mission,5 months ago,2024-04-05T20:37:01.028Z,,Best place to taste old heritage & culture of an ancient civilization,4.6,en,POSITIVE
"375, AlUla 43562, Saudi Arabia",Heritage preservation,AlUla,SA,False,True,Louis van Jaarsveld,3 years ago,2021-07-15T05:08:53.423Z,,Visiting AlUla Old town great experiece...recommend visiting in evening when it is a bit cooler. Many small restaurants with in and outdoor  dining. People are very friendly and welcoming to visitors.,4.6,en,POSITIVE
"375, AlUla 43562, Saudi Arabia",Heritage preservation,AlUla,SA,False,True,Yasir Qayam,11 months ago,2023-10-24T03:21:22.548Z,,"Definitely worth a visit. Spend a couple of hours, grab a coffee, mooch around.",4.6,en,POSITIVE
"375, AlUla 43562, Saudi Arabia",Heritage preservation,AlUla,SA,False,True,Majid Khan,11 months ago,2023-10-10T21:02:21.937Z,,Awesome place to visit.have a good heritage and rich culture,4.6,en,POSITIVE
"375, AlUla 43562, Saudi Arabia",Heritage preservation,AlUla,SA,False,True,Ahdab S,a year ago,2022-12-26T14:44:40.048Z,,"Magical place .. Ula youth are selling their crafts, abaya, paintings & all types of goods ..",4.6,en,POSITIVE
"375, AlUla 43562, Saudi Arabia",Heritage preservation,AlUla,SA,False,True,â€«ÙÙŠØµÙ„ Dimaampao (ÙØµÙˆÙ„)â€¬â€,a year ago,2023-06-12T14:27:25.441Z,,This place is magnificent and amazing.a lot of treasures to be discover from the fast civilization,4.6,en,POSITIVE
"375, AlUla 43562, Saudi Arabia",Heritage preservation,AlUla,SA,False,True,Ziad Sijeeni,7 months ago,2024-02-28T21:27:25.877Z,,Awesome place to walk around where you can see the beautiful old town of Al-Ula. There are plenty of places for souvenirs and antiques. You can also find plenty of cafes and restaurants here. There are tours in which you can book ahead of time ti show you the old town of Tantoora which is overall a unique and special experience.,4.6,en,POSITIVE
"375, AlUla 43562, Saudi Arabia",Heritage preservation,AlUla,SA,False,True,N way,a year ago,2023-03-12T11:15:50.302Z,,"Cool place, nice shops, mostly overpriced.
Dress code wise: saw some women dressed up nicely (summer dresses, shorts, jeans etc) men in shorts or jeans too
big issue: restaurants only open after 2 pm!",4.6,en,POSITIVE
"375, AlUla 43562, Saudi Arabia",Heritage preservation,AlUla,SA,False,True,M Alansari,a year ago,2023-03-07T23:47:19.831Z,,Itâ€™s good place you must visit one time not enough of course Iâ€™ll come back here it was amazing journey in Alula .,4.6,en,POSITIVE
"375, AlUla 43562, Saudi Arabia",Heritage preservation,AlUla,SA,False,False,Momo Vuyisich,4 months ago,2024-05-14T02:43:42.493Z,,"A beautiful place. Don't forget to climb the castle, enjoy the views, and ponder about how people lived 100 years ago.",4.6,en,POSITIVE
"375, AlUla 43562, Saudi Arabia",Heritage preservation,AlUla,SA,False,True,ZUBAIR SAEED,5 months ago,2024-04-19T14:24:44.076Z,,Nice place for visiting,4.6,en,POSITIVE
"375, AlUla 43562, Saudi Arabia",Heritage preservation,AlUla,SA,False,False,Moa Lingga,2 years ago,2022-06-14T18:31:07.821Z,,"One of the most magical places in AlUla, I wouldnâ€™t consider it an authentic old town since most of the stores are very well known brands but it is designed to look like an old town space with shops and food places.",4.6,en,POSITIVE
"375, AlUla 43562, Saudi Arabia",Heritage preservation,AlUla,SA,False,True,Knbs Knbs,6 months ago,2024-03-25T07:31:12.920Z,,Fabulous place.  A place where routine gives way to flights of fancy.,4.6,en,POSITIVE
"375, AlUla 43562, Saudi Arabia",Heritage preservation,AlUla,SA,False,True,Niroshan Rangana,10 months ago,2023-12-01T16:21:33.486Z,,It was nice experience of my life,4.6,en,POSITIVE
"375, AlUla 43562, Saudi Arabia",Heritage preservation,AlUla,SA,False,True,fred malouf,2 years ago,2022-03-10T14:49:07.356Z,,"I enjoyed the visit very much. The people are wonderful, especially when I wore my Arab garment.",4.6,en,POSITIVE
"375, AlUla 43562, Saudi Arabia",Heritage preservation,AlUla,SA,False,True,Anna Japri,2 years ago,2022-01-11T10:10:03.434Z,,Nice place.. easy to get my favourite coffee here ..the fruits is fresh like just come from the farm..the toilet very clean,4.6,en,POSITIVE
"375, AlUla 43562, Saudi Arabia",Heritage preservation,AlUla,SA,False,True,Salsabila Hanim,2 years ago,2022-03-18T10:37:52.669Z,,"Should have proper information for the trip in Al Ula. We took Ride bike in hegra and bus trip to jabal Ikram and D..(forgot the name). We booked the ticket online and don't know where to go. Directly go to Jabal Ikram and luckily we got information to the pickup point from the tourist police after long time journey from Madinah.
For Old Town also we don't know which area to pay and which area is free.
And difficulty for buying the ticket in d counter because most of the time is sold out although you came early in d morning.
This is my second time came here, luckily i got ticket to hegra and jabal ikram through the online this time. So don't know when will come back for fort town due to sold out of the ticket.
So who ever want to come here please purchase the ticket online especially on the weekend.
If you drive park your car at Kudu parking. The shuttle bus will bring you from Kudu to old town. And when you want to go back to parking place, ride the bus from drop point (same area drop point when u come to Old Town).
Nice area for tourists.
Hopefully will more organized and more information in the future.",4.6,en,NEGATIVE
"375, AlUla 43562, Saudi Arabia",Heritage preservation,AlUla,SA,False,True,Cherif Meddour,2 years ago,2022-01-31T15:14:46.465Z,,Amazing historical area. Plenty to see everywhere you go. But you need a vehicle.,4.6,en,POSITIVE
"375, AlUla 43562, Saudi Arabia",Heritage preservation,AlUla,SA,False,True,Cecille Flores,2 years ago,2022-02-10T13:52:27.980Z,,Best experience ever...more places yet to explore in Al Ula it's my second time to visit the place but still I want to go back to visit other place where I didnt visited yet...,4.6,en,POSITIVE
"375, AlUla 43562, Saudi Arabia",Heritage preservation,AlUla,SA,False,True,Ali Alkathiri,a week ago,2024-09-24T10:54:58.417Z,,Wow,4.6,pl,POSITIVE
"375, AlUla 43562, Saudi Arabia",Heritage preservation,AlUla,SA,False,True,Farzana Husain,3 years ago,2021-05-31T12:21:37.115Z,,It's an amazing place. The old buildings are revamped into shopping stores. Lovely restaurants around,4.6,en,POSITIVE
"8386 Ring Rd, Gharb Al Dhahran, Dhahran 34461, Saudi Arabia",Cultural center,Dhahran,SA,False,True,Jezer De Belen,a week ago,2024-09-25T14:28:24.893Z,5.0,"Ithra is a remarkable destination that truly enhances the uniqueness of Dhahran and Dammam. It stands out as one of the best architectural marvels I've seen in Saudi Arabia. If you're looking for a great way to spend your weekends in the summer heat, this is definitely the place to goâ€”you wonâ€™t be disappointed!

The entire center is air-conditioned, making it easy to explore all the attractions inside. It's an excellent spot for both kids and adults, featuring a wide range of activities for children of all ages. The exhibits are fascinating, and the library is impressive. Plus, the building's architecture is absolutely stunning.

I highly recommend checking it out!",,en,POSITIVE
"8386 Ring Rd, Gharb Al Dhahran, Dhahran 34461, Saudi Arabia",Cultural center,Dhahran,SA,False,True,Edrin Dcosta,4 months ago,2024-05-11T06:38:41.225Z,5.0,"""Visiting this stunning building was an absolute delight! With free entry, it's a haven for knowledge seekers. The library boasts an extensive collection of books, perfect for bookworms like me. The museum, albeit with a nominal entry fee, is worth every SAR 45.00, offering a deep dive into history and culture. The ARAMCO energy center, with free entry, is a gem, offering insightful explanations on oil and gas extraction, complete with samples and live learning activities. The parking facilities are top-notch, well-maintained, and freeâ€”a rare find! The beautiful park surrounding the building is perfect for relaxation, with its serene water fountain and lush greenery. The cultural center and cafes add to the charm. I highly recommend visiting after 5.00 pm for the best experience.""",,en,POSITIVE
"8386 Ring Rd, Gharb Al Dhahran, Dhahran 34461, Saudi Arabia",Cultural center,Dhahran,SA,False,True,Marwan Alzahrani,3 months ago,2024-06-11T23:48:17.683Z,5.0,"Great experience if you are attending an expo try to go early to find a parking near the entrance.
Well organized you wonâ€™t be lost you will find information for everything
Amazing library great options with a small cafe
I was lucky to find the garden in my way out
The museum was very good from history to art whatever you like you will find
Restroom wonâ€™t be an issue they have it all over the building",,en,POSITIVE
"8386 Ring Rd, Gharb Al Dhahran, Dhahran 34461, Saudi Arabia",Cultural center,Dhahran,SA,False,True,Michal Zatopek,3 weeks ago,2024-09-07T17:47:48.123Z,4.0,"Impressive structure, however the museum part felt bit empty. Also one could notice lack of proper maintenance. It used to is bit of a pity, that after substantial investment to build something so impressive, there seems not to be enough funds or care to maintain it properly - especially in the energy exhibition part.
Also wider variety of art pieces could be welcomed addition. Take a look at Federico Diaz work. I think his art would fit there really well.",,en,NEGATIVE
"8386 Ring Rd, Gharb Al Dhahran, Dhahran 34461, Saudi Arabia",Cultural center,Dhahran,SA,False,False,Jannie BaÅ¡istovÃ¡,2 months ago,2024-08-01T11:43:54.938Z,5.0,"It was definitely a fun experience as you can see through my pictures. What I really enjoyed comparing to European's museums is how clean everything was, no crowds, AC everywhere, nice modern design and I really liked the photography wall where you can pick what photos you wanna see and I didn't see it in any other museum. I wouldn't mind if there would be one exhibition focus more on history/culture of KSA. Also if you would look for a marketing face, here I'm haha. (ig: neumim_vymyslet_dobre_jmeno)",,en,POSITIVE
"8386 Ring Rd, Gharb Al Dhahran, Dhahran 34461, Saudi Arabia",Cultural center,Dhahran,SA,False,True,Zeeshan Yunus,2 months ago,2024-07-22T23:41:38.004Z,5.0,"An amazing place for kids and adults alike. Lots of great activities for kids of all ages. Really great exhibits and an amazing library. To top it all off, the architecture of the building itself is outstanding.",,en,POSITIVE
"8386 Ring Rd, Gharb Al Dhahran, Dhahran 34461, Saudi Arabia",Cultural center,Dhahran,SA,False,True,Ranjith kumar,5 months ago,2024-04-12T04:00:19.611Z,5.0,"Biggest library in the Saudi Arabia there, lot of books there to read. Unfortunately I donâ€™t know Arabic, itâ€™s full of Arabic books

Another biggest attraction is kids museum, it costs 20 SAR for adults and for kids itâ€™s 45 SAR. Itâ€™s worth it. Lot of learning activities inside.

Energy center will explain all the details about petroleum. Full day you need to spend all the place.

Parking and maintenance well. They will arrange bus from parking area. I appreciate the management.",,en,POSITIVE
"8386 Ring Rd, Gharb Al Dhahran, Dhahran 34461, Saudi Arabia",Cultural center,Dhahran,SA,False,True,Abdul Salam,5 months ago,2024-04-14T12:52:57.354Z,4.0,"This is a iconic landmark of saudi arabia, this serve as a cultural centre for saudi with different varieties of shows every day in different timing like music, cooking shows and live music around the place. The building consist of library, cafes and workshops. It is a 3 story building with ground level and B1 level. After leaving the building from inside there is huge park with lots of flowers and animals statues. Flower garden with sitting area and water fountains for childrens. It is nice to visit the place in the evening and it usually opens 4 pm for public. There is energy station where all the operations in aramco are explained and how the crude become gasoline etc are explained. Overall this place is a must visit when going to saudi.",,en,POSITIVE
"8386 Ring Rd, Gharb Al Dhahran, Dhahran 34461, Saudi Arabia",Cultural center,Dhahran,SA,False,True,Mahmoud Khammash,a month ago,2024-08-22T15:25:32.586Z,5.0,"The King Abdulaziz Center for World Culture, affectionately known as Ithra, is a mesmerizing blend of art, culture, innovation, and knowledge. Nestled in the heart of Dhahran, Saudi Arabia, Ithra is nothing short of an architectural marvelâ€”its dynamic design a reflection of the limitless creativity it inspires within its walls.

From the moment you step inside, you are transported into a world where history and future intertwine seamlessly. The striking galleries showcase Saudi Arabiaâ€™s rich cultural heritage alongside contemporary global art, creating an atmosphere of unity and diversity. The vibrant exhibitions at Ithraâ€™s museum and the stunning art installations speak to the soul, offering moments of reflection and awe.

One of the center's crown jewels is the world-class library, a treasure trove of knowledge that spans every imaginable topic. It serves as a sanctuary for the curious mind, where you can explore, learn, and be inspired. The interactive elements make learning an immersive and enjoyable experience for people of all ages.

For those with a penchant for performing arts, Ithraâ€™s theater is a gateway to magical experiences, from international performances to thought-provoking plays and musical concerts. It is a hub of creativity where talent flourishes and every performance leaves a lasting impression.

Beyond the arts, Ithra embodies innovation. Its various science and technology exhibits are fascinating and engaging, offering visitors a chance to explore the frontiers of human achievement. The collaborative workshops and hands-on experiences ensure that everyone can leave with new knowledge and inspiration.

What truly makes Ithra magical is its dedication to bringing the world closer together through culture. Itâ€™s a place where Saudi tradition meets global innovation, where every corner invites you to explore something new, and every experience enriches your understanding of the world.

A visit to Ithra is a journey of enlightenmentâ€”whether youâ€™re looking to immerse yourself in art, history, science, or simply enjoy a unique cultural experience, Ithra leaves you feeling more connected to the world around you. Itâ€™s more than just a cultural center; itâ€™s a beacon of creativity and knowledge that resonates far beyond its walls.",,en,POSITIVE
"8386 Ring Rd, Gharb Al Dhahran, Dhahran 34461, Saudi Arabia",Cultural center,Dhahran,SA,False,True,Tarek Khayat,a month ago,2024-08-12T10:40:55.092Z,4.0,The center was interesting and the library has a good collection of books with ample space for reading and studying. The access to the museum requires a day pass that can be purchased onlnne or at the entrance desks.,,en,POSITIVE
"8386 Ring Rd, Gharb Al Dhahran, Dhahran 34461, Saudi Arabia",Cultural center,Dhahran,SA,False,True,AAMIR HASSAN,3 months ago,2024-06-22T02:05:59.831Z,5.0,It is a place that makes Dammam and Dharan unique. It is one of the best architecture buildings which i have seen till now in Saudi Arabia. Those who want to enjoy weekends in this hot summer must visit. You will bless me. These entire buildings are centerlized with ac and a lot of places to see inside the King Abdulaziz center. Rest you will enjoy while you visit.,,en,POSITIVE
"8386 Ring Rd, Gharb Al Dhahran, Dhahran 34461, Saudi Arabia",Cultural center,Dhahran,SA,False,True,ĞœĞ°Ñ€Ğ¸Ğ½Ğ° Ğ¨Ğ°Ğ²Ñ€Ğ¸Ğ½Ğ°,4 months ago,2024-05-23T12:18:22.834Z,5.0,It was so interesting. The building is very modern. The exposition are very interesting and beautiful. The library is so nice and full,,en,POSITIVE
"8386 Ring Rd, Gharb Al Dhahran, Dhahran 34461, Saudi Arabia",Cultural center,Dhahran,SA,False,True,Jose Diez zamudio,a month ago,2024-08-30T09:09:34.231Z,5.0,SÃºper building nice. The biblioteque is fantastic. We dinner at greek restaurant at the floor 14. Also the oÃ­l & gas exhibiciÃ³n was fantastic. It worth the visit,,en,POSITIVE
"8386 Ring Rd, Gharb Al Dhahran, Dhahran 34461, Saudi Arabia",Cultural center,Dhahran,SA,False,True,Aamna Khan,a year ago,2023-06-17T09:01:55.546Z,5.0,Must visit. This place is very nice and informative. The place is architect marvel. The place is good for families. The ambience is great. The hospitality is good. The volunteers guide you well. One can acquire lots of knowledge and also enjoy. There are events held for entertainment purposes. Events conducted on eids and national day are worth experiencing. Everything is just fine about this place. Parking space is huge. There are restaurants. I would recommend buying tickets in advance for hassle free enjoyment.,,en,POSITIVE
"8386 Ring Rd, Gharb Al Dhahran, Dhahran 34461, Saudi Arabia",Cultural center,Dhahran,SA,False,True,Ben Raynor,8 months ago,2024-01-29T19:04:50.752Z,5.0,"The architecture manages to tread the fine line between modern and heritage, with out being crass or boring.
The stainless steel tubing that forms much of the interior and exterior shell reminds me of drill strings, I'm unsure if that's intentional or not.

The entire building has plenty of amenities and is well signed throughout.",,en,POSITIVE
"8386 Ring Rd, Gharb Al Dhahran, Dhahran 34461, Saudi Arabia",Cultural center,Dhahran,SA,False,True,Madhumitha Jathanna,a year ago,2023-08-02T21:25:37.688Z,5.0,"Itâ€™s a marvelous place with plenty of books, history and paintings. We visited all the 4 museums earth, art,tradition and light & energy. They have a big library expanding to 4 floors with different books from all over the world. There is a children museum and workshops for kids too. Entry and library is free but if you wish to visit those 4 museums then it costs 35SAR per person.",,en,POSITIVE
"8386 Ring Rd, Gharb Al Dhahran, Dhahran 34461, Saudi Arabia",Cultural center,Dhahran,SA,False,False,Hamisuu CXY,6 months ago,2024-03-08T17:49:30.629Z,4.0,"Nice place to visit, from Khorbar by taxi will cost 18 SAR, if come back by taxi should be earlier, or not is will be difficult for you to call taxi, there will be traffic jam so no driver will take your order from blot, jenny...",,en,NEGATIVE
"8386 Ring Rd, Gharb Al Dhahran, Dhahran 34461, Saudi Arabia",Cultural center,Dhahran,SA,False,True,adzri nazir,9 months ago,2024-01-03T07:39:25.434Z,5.0,Its a great place for leisure and for learning and also for picture taking. The library was well arrange and looking neat. Its a great way of learning especially related on the oil and gas field and how its made.,,en,POSITIVE
"8386 Ring Rd, Gharb Al Dhahran, Dhahran 34461, Saudi Arabia",Cultural center,Dhahran,SA,False,True,Jov Tulagan,a year ago,2023-07-09T20:08:32.009Z,5.0,"One of the most fascinating places I've ever been to. The museum is a fusion of traditional and modern technology that made it highly interactive. All corners scream innovation
Plus the building itself is an exceptionally stunning!",,en,POSITIVE
"8386 Ring Rd, Gharb Al Dhahran, Dhahran 34461, Saudi Arabia",Cultural center,Dhahran,SA,False,True,Truma,a year ago,2023-09-29T13:44:51.050Z,5.0,"A very beautiful place. If you want to study, they have a library. Also, every occasion, such as the National Day, they do very activities. The places are very wonderful, and entry is free. Plus there is a museum here that teaches you all about saudi history, and there is a cinema. Staff here are incredibly nice. 10/10 place",,en,POSITIVE
"8386 Ring Rd, Gharb Al Dhahran, Dhahran 34461, Saudi Arabia",Cultural center,Dhahran,SA,False,False,Ziad Alikhwan,5 months ago,2024-04-20T11:19:02.738Z,5.0,"A great cultural center, worth a visit, especially for those with children, a unique experience",,en,POSITIVE
"8386 Ring Rd, Gharb Al Dhahran, Dhahran 34461, Saudi Arabia",Cultural center,Dhahran,SA,False,True,Jana KriÅ¡tanovÃ¡,a year ago,2023-04-29T12:28:55.001Z,4.0,"This place is definitely not something for a half a day visit. I would say that even a day might not be enough.
The center contains multiple exhibitions, each one of them would be for few hours, if you want to hear or hear everything. Besides exhibitions, there is a library that is located on multiple floors. It looks really nice and it has also books in English, for example.
There is a wifi available for the visitors, which will come handy if you want to listen to audio guide created from the exhibitions.
Another thing that I found handy were multiple cafÃ©s and restaurants. This way, a visitor can really spend the whole day at the place without worrying too much about being hungry.",,en,POSITIVE
"8386 Ring Rd, Gharb Al Dhahran, Dhahran 34461, Saudi Arabia",Cultural center,Dhahran,SA,False,True,Lucyna Czajkowska,2 years ago,2022-08-24T12:10:03.866Z,5.0,"The place is fantastic! Great respect for the idea, execution and maintenance of a high level! Children's area - great! Lots of curiosities, lots of experiments, workshops of various kinds and very friendly service!
Library - respect! Restaurants, cafes, courtyard, hall, entrances - cosmically well done! The exterior of the building - benches, fountains, greenery ... all thought out and well made. Lots of parking spaces. The only remark - entrances, other car parks and other places could be better marked from the parking lot.
Amazing place for a family stay and for coming back several times :-)",,en,POSITIVE
"8386 Ring Rd, Gharb Al Dhahran, Dhahran 34461, Saudi Arabia",Cultural center,Dhahran,SA,False,False,Mohd Idris,8 months ago,2024-01-13T00:54:18.838Z,5.0,The structure of building really amazing.the best part is you can spent your quality time in library and by paying 35 SAR you can see museum which has so many historic islamic equipments the best part you can experience view of makkah and madinah via virtual reality (VR).and you can see history of saudi Aramco.,,en,POSITIVE
"8386 Ring Rd, Gharb Al Dhahran, Dhahran 34461, Saudi Arabia",Cultural center,Dhahran,SA,False,True,S S,a year ago,2023-01-27T10:51:38.162Z,5.0,"Such an amazing experience visiting this place. Highly recommend going here to anyone visiting Dhahran.
Architecture, science, history and much more. Beautiful rammed earth wall inside, lighting fixtures and flow of spaces, all a visual treat to the eyes. Exhibits are fabulous.",,en,POSITIVE
"8386 Ring Rd, Gharb Al Dhahran, Dhahran 34461, Saudi Arabia",Cultural center,Dhahran,SA,False,True,peuyeumoncom,5 months ago,2024-04-11T20:29:15.372Z,5.0,"The great architecture of the cultural centre harmoniously blends innovative design with cultural motifs, creating an iconic landmark that inspires awe and fosters a sense of belonging.",,en,POSITIVE
"8386 Ring Rd, Gharb Al Dhahran, Dhahran 34461, Saudi Arabia",Cultural center,Dhahran,SA,False,False,Mohammad Saiyed,a year ago,2023-02-04T10:12:10.256Z,5.0,"What an iconic monument. It was a unique and amazing experience visiting something like this. The way this architecture has been raised, just blew my mind. I am gonna back soon. Respect for the idea.",,en,POSITIVE
"8386 Ring Rd, Gharb Al Dhahran, Dhahran 34461, Saudi Arabia",Cultural center,Dhahran,SA,False,False,Ako siRC,10 months ago,2023-11-04T20:16:49.509Z,1.0,"We entered in the afternoon,it was me,my wife and our 8 yr. old son. We visited the library floor by floor, what a great collection of books. When we reached the 5th floor, i saw a nice spot to read, sadly we were  aproached by a lady working there, she nicely told us that children are not allowed in that floor, so we just decided to go down and head to the museum. i hope we were informed earlier.

We went to buy tickets to ithra museum and and childrens museum. the ladies in the ticketing do not know the what time the session starts for children's museum, which is a bit odd considering its their job. After we got the tickets, we headed to ithra museum, in the ticket scanning, we were informed that 1 section is not allowed for kids. that information should have been extended to us by the ladies in the ticketing before we purchased ticket, right? i told them at the ticket scanning, I cant leave my son outside a section while we enjoy the artwork, can I now. the response was, his entrance is free, you did not pay for him, kinda rude huh. someone who seems to be their supervisor aproached me and apologized. I wanted to just refund the tickets but i dont want to ruin the experience for my wife and son.

We entered arcade 1, after around 3 minutes, the guy at the ticket scanning came to us. He said, i told you that you cant enter here. My reply was how should i know which arcade im not allowed to enter. there should be someone in the entrance of the arcade to inform guests about this.im clearly irritated at this point.

So we left arcade 1 and walked down to arcade 2. Art is subjective. i was expecting more.

Arcade 3, the concept was nice, it just lacked depth for me. the lighting made it difficult to see the sea creatures and other images projected on the walls. the interactive stuffs that they have are mostly damaged and  not working, probably due to wear and tear or poor maintenance.

Arcade 4, is very simple but informative. i hope they expand this section.

we left the ithra musem and waited in the lobby.

after less than an hour waiting at the lobby, we were finally allowed to enter the kids museum. we were warmly welcomed and a guy informed us about the available activities. the painting session was composed of giving kids paint and paper, with background music playing, i thought it could have been a more entertaining and memorable experience for the kids.

You can see that the staffs tried their best to entertain however many of the interactive items at the first floor are broken, not functioning properly or kind of dirty.

it was already dark when we left the building. Ithra is  clearly made to impress and make you say wow,  sadly the service does not do the same.",,en,
"8386 Ring Rd, Gharb Al Dhahran, Dhahran 34461, Saudi Arabia",Cultural center,Dhahran,SA,False,True,Dr. Eman,3 years ago,2021-06-21T14:50:16.379Z,4.0,"Beautiful modern design, elegant interiors and finishings, nicely organised place, with clear illustrations and guiding signs. Wide variety of activities, suitable for all age groups, though some stations were left with no attendants or supervisors, so we had a quick look instead of the planned workshops that were advertised in the website. I liked the library particularly. It is a must to visit, and I enjoyed the pottery making session in outdoor area. The aspect I really didnâ€™t like is the burger restaurant in the outside yard. The service wasnâ€™t good, with limited menu, below average food and expensive prices.",,en,POSITIVE
"8386 Ring Rd, Gharb Al Dhahran, Dhahran 34461, Saudi Arabia",Cultural center,Dhahran,SA,False,True,Sapna Sharma,2 years ago,2022-08-27T18:12:00.779Z,5.0,"Ithra is amazing structure and very well maintained place. Everything is so well designed made with class of the art material and structures. It has a Hugh multilevel library for the book lover covering all the topics of literature, art, history, science, fiction and lot more.
A few nice coffee shops and restaurants inside.
Theatre is also a part of it but shows are limited and not everyday which is same with a cinema inside.
Energy exhibition is amazing place to learn oil and gas discovery, exploration to reaching a common man with lot videos, exhibits, structures, photos, models, games and lot more.",,en,POSITIVE
"8386 Ring Rd, Gharb Al Dhahran, Dhahran 34461, Saudi Arabia",Cultural center,Dhahran,SA,False,True,A E,a month ago,2024-08-22T14:08:07.296Z,5.0,Ithra One of the most outstanding destination in Dhahran one of the 100 good landmark for tourism in the world.,,en,POSITIVE
"8386 Ring Rd, Gharb Al Dhahran, Dhahran 34461, Saudi Arabia",Cultural center,Dhahran,SA,False,True,Mohamed Ismail,3 years ago,2021-08-20T13:25:14.940Z,5.0,"Must visit place for both adults as well as kids. Has a big library. Few exhibitions are free of cost and few are paid. If you are interested in some particular event it is better to book it. There are many parking slots, parking 5 is the nearest one to entrance. Much of the information is available on the website.",,en,POSITIVE
"8386 Ring Rd, Gharb Al Dhahran, Dhahran 34461, Saudi Arabia",Cultural center,Dhahran,SA,False,True,Phongsaphon Suwansukho,a year ago,2022-12-14T15:11:22.997Z,5.0,"The architecture of this building is spellbinding,

Excellent place, a lot of different books, places to take an inspiration,
An amazing cultural, historic and artistic experience.

Lots of places to chill and hang out inside and outside.

Recommend to visit.",,en,POSITIVE
"8386 Ring Rd, Gharb Al Dhahran, Dhahran 34461, Saudi Arabia",Cultural center,Dhahran,SA,False,True,Ihar Beliauski,9 months ago,2023-12-21T08:32:33.588Z,5.0,"The King Abdulaziz Center for World Culture, Ithra, is a cultural gem that captivates visitors with its diverse offerings. Notably, the security personnel at Ithra are incredibly helpful, ensuring a welcoming environment for all visitors. Their dedication to ensuring a positive experience enhances the overall enjoyment of the diverse cultural exhibits and activities. The security team's friendliness and helpfulness add an extra layer of warmth to the already enriching atmosphere at Ithra, making it a must-visit destination for cultural enthusiasts.",,en,POSITIVE
"8386 Ring Rd, Gharb Al Dhahran, Dhahran 34461, Saudi Arabia",Cultural center,Dhahran,SA,False,True,Î‘hamed Farid,2 years ago,2022-07-16T01:21:53.070Z,5.0,Very attractive construction and well maintained. Library is very attractive and huge collection. Kids museum is a little expensive. I could not visit the Energy Exhibit building. It was free of cost for visiting but I was late. Timing of the Energy Exhibit is 9.00AM to 8.00PM.,,en,POSITIVE
"8386 Ring Rd, Gharb Al Dhahran, Dhahran 34461, Saudi Arabia",Cultural center,Dhahran,SA,False,True,Christopher Bernal Cayas,2 years ago,2021-10-16T09:59:42.662Z,5.0,What a great architectural masterpiece indoors and outdoors. There are free exhibitions inside for kids and young at hearts like me. Lol. It is a must visit site when you are around eastern province. Weekends are totally busy so plan ahead before coming. Outdoor design is picturesque and well built.,,en,POSITIVE
"8386 Ring Rd, Gharb Al Dhahran, Dhahran 34461, Saudi Arabia",Cultural center,Dhahran,SA,False,True,Safz (s),4 months ago,2024-06-02T10:11:37.199Z,5.0,"Iconic Landmark @ Dahran
Heart of Al khobar packed as knowledge Supply Centre",,en,POSITIVE
"8386 Ring Rd, Gharb Al Dhahran, Dhahran 34461, Saudi Arabia",Cultural center,Dhahran,SA,False,True,Rao Saif Ur Rehman,a month ago,2024-08-05T18:21:28.774Z,5.0,"Absolutely mesmerizing building, had a great experience.",,en,POSITIVE
"8386 Ring Rd, Gharb Al Dhahran, Dhahran 34461, Saudi Arabia",Cultural center,Dhahran,SA,False,True,Red 1,a year ago,2022-10-07T16:27:02.171Z,5.0,"Amazing center with beautiful architecture and design. Has a big library, museum, theatre, energy exhibition and other facilities and sections. Very nice place to spend time with family to learn and have fun. Admission to all sections should be free for students and seniors.",,en,POSITIVE
"8386 Ring Rd, Gharb Al Dhahran, Dhahran 34461, Saudi Arabia",Cultural center,Dhahran,SA,False,False,sanabel p.a,a year ago,2023-03-19T04:26:04.230Z,5.0,Itâ€™s a must visit museum as it gives a good insight into the culture and geography of KSA. The Hijra Museum is also one of its kindâ€¦ itâ€™s really worth visiting. If you are visiting Dammam for a day or two and and thinking of where to go this is the place as it needs one whole evening. It will a day well  spentâ€¦it opens only at 4pm.,,en,POSITIVE
"8386 Ring Rd, Gharb Al Dhahran, Dhahran 34461, Saudi Arabia",Cultural center,Dhahran,SA,False,True,Maryah Shehab,a year ago,2023-04-24T20:05:51.823Z,5.0,"Visited Ithra during Eid, there were plenty of activities for kids to enjoy, including interactive installations and engaging workshops.

While some events required a fee, there were also plenty of free activities to enjoy, which made it accessible to a wider audience.

The library is also impressive, with a large collection of books in both Arabic and English, and an entire floor dedicated to children's books.

Overall, I would highly recommend visiting Ithra during the day, as there is so much to see and do. The atmosphere is lively and festive, and there's something for everyone especially for those interested in art, culture, and community.",,en,POSITIVE
"8386 Ring Rd, Gharb Al Dhahran, Dhahran 34461, Saudi Arabia",Cultural center,Dhahran,SA,False,True,Fozia Awan,3 years ago,2021-03-09T21:52:49.501Z,5.0,"An knowledgeable place with a variety of information centers. A perfect learning opportunity for kids. We particularly enjoyed Energy Exhibit. It walks you through different stages of operation, types of oils and their differences, how is it transported and some historical information.

For kids they arrange some fun learning activities, make sure to book it online before visiting.",,en,POSITIVE
"8386 Ring Rd, Gharb Al Dhahran, Dhahran 34461, Saudi Arabia",Cultural center,Dhahran,SA,False,True,Mostafa Alabed,a year ago,2023-04-29T12:26:13.045Z,5.0,Well organized. It gets busy during holidays. It has activities for children and adults mostly free or around 40sr. It's free to enter and explore especially the library. Very beautiful and quiet place during normal days. It's a most to visit.,,en,POSITIVE
"8386 Ring Rd, Gharb Al Dhahran, Dhahran 34461, Saudi Arabia",Cultural center,Dhahran,SA,False,True,JUNIE S. (EXPLORER),5 months ago,2024-04-15T15:40:35.494Z,5.0,One of the best places to visit in Dahran the ITHRA Museum so lucky to visit and to witness the beauty of the museum,,en,POSITIVE
"8386 Ring Rd, Gharb Al Dhahran, Dhahran 34461, Saudi Arabia",Cultural center,Dhahran,SA,False,True,Recipes N more,3 years ago,2021-07-02T09:25:07.966Z,5.0,Very nice place to hangout with kids.very educational and interesting. Kids loved the children's museum. Lot of interesting stuff for kids.time just flies by in there. Tera was terrific and awsome especially the ocean underwater qas way too cool for taking  silhouette.rainbow cave is awesome.,,en,POSITIVE
"8386 Ring Rd, Gharb Al Dhahran, Dhahran 34461, Saudi Arabia",Cultural center,Dhahran,SA,False,True,Farook Sainulabdeen,6 months ago,2024-03-08T18:24:17.957Z,5.0,"The King Abdulaziz Center for World Culture, also known as Ithra, is a cultural situated in Dhahran, Saudi Arabia. It was built by Saudi Aramco and inaugurated by King Salman bin Abdulaziz on December 1, 2016. It is operated by Saudi Aramco.",,en,POSITIVE
"8386 Ring Rd, Gharb Al Dhahran, Dhahran 34461, Saudi Arabia",Cultural center,Dhahran,SA,False,True,Mohammed Mohsin,2 years ago,2022-09-02T16:32:28.411Z,5.0,"A marvelous place for visit with family and friends. The special attraction is the HIJRAH gallery, which shows the journey of Prophet Mohammed (PBUH) from Makkah to Medina. In addition the Museum and other galleries with Saudi culture and history. It has children museum, a very reach library, theater, cinema etc.",,en,POSITIVE
"8386 Ring Rd, Gharb Al Dhahran, Dhahran 34461, Saudi Arabia",Cultural center,Dhahran,SA,False,True,shayiq rashid,6 months ago,2024-03-12T09:54:50.332Z,5.0,The cultural centre is very good .The library is so huge and has all varieties of books. Around 300000 books are there in which 60% of books are in Arabic and 40% are in English as of now.,,en,POSITIVE
"8386 Ring Rd, Gharb Al Dhahran, Dhahran 34461, Saudi Arabia",Cultural center,Dhahran,SA,False,True,Talal,3 years ago,2021-09-28T18:04:47.233Z,5.0,A great place that offers a variety of experiences and facilities that cater to all ages. The place knowledge enrich. The place is beautiful and clevely engineered. Most services available are for free. There is large library with quite place suitable for studying and reading.,,en,POSITIVE
